url,source,title,content,processed_title,processed_content,collected_at
https://www.pashtovoa.com/a/trump-says-us-to-meet-iran-next-week-on-potential-nuclear-deal/8041978.html,VOA Pashto,ټرمپ د ایران په اتمي تاسیساتو له برید وروسته امریکا به د تهران سره خبرې وکړي,ولسمشر ډونالډ ټرمپ وايي، امریکایي مرکچیان به راتلونکې اونۍ له خپلو ایراني سیالانو سره وګوري ترڅو د ایران سره د هغو اټومي تاسیساتو د له منځه وړلو په اړه د یوې احتمالي موافقې په اړه بحث وکړي چې د یکشنبې په ورځ د امریکا په هوايي بریدونو کې سخت زیانمن شوي ديولسمشر ټرمپ د چهارشنبې په ورځ د جون ۲۵ د سرطان ۴ د هالنډ په هاګ ښار کې په یوه خبري کنفرانس کې د ناټو د مشرانو سره د دوه ورځنۍ سرمشریزې په پای کې وویل چې هغه خپل د بهرنیو چارو وزیر مارکو روبیو ته لارښوونه کړې چې د ایران سره د لاسلیک کولو لپاره یوه موافقه جوړه کړيخو ټرمپ دا هم وویل چې هغه پروا نه کوي که چیرې ایران دا ډول موافقه رد کړي ځکه چې د هغه په وینا، متحدو ایالاتو د یکشنبې په برید کې د ایران درې اټومي تاسیسات چې د ایران د وسلو د هڅو دپاره اړین وو بمبار کړي او ویجاړ کړي ديټرمپ د ایراني لوري په اړه وویل زه په دې اړه ډېر ډاډه نه یم که موږ یو سند ترلاسه کړو، نو دا به بده نه وي موږ به ورسره ملاقات وکړوامریکایي مرکچیان د اپریل له میاشتې تر مې میاشتې پورې د عماني منځګړو له لارې له ایران سره پنځه پړاوه خبرې اترې وکړې ترڅو یوې موافقې ته ورسیږيخو ایران ټینګار وکړ چې د وسلو جوړولو کچې ته د یورانیمو د غني کولو حق وساتي، او خبرې اترې د جون په ۱۳مه هغه وخت وځنډېدې چې اسرائیل په ایران باندې د یورانیمو د غني کولو وړتیاوو د له منځه وړلو لپاره پوځي برید کړاسرائیل له اوږدې مودې راهیسې په اټومي وسلو سمبال ایران ته د یو ګواښ په سترګه ګوري، ځکه چې اسلامي جمهوریت ایران په مکرر ډول د یهودي دولت د له منځه وړلو غږ کړید متحدو ایالتونو د بهرنیو چارو وزیر مارکو روبیو چې د ټرمپ تر څنګ ولاړ و خبریالانو ته وویل چې ایران باید له امریکا سره د یوې هوکړې لپاره یو بل ډول چلند غوره کړيروبیو وویل واضح ده، دا به د ایران په رضایت پورې اړه ولري چې نه یوازې په سوله کې ښکیل شي، بلکې د متحدو ایالاتو سره هم مستقیمې خبرې اترې وکړي، نه د کوم دریم هیواد یا څلورم هیواد د پروسې له لارې,ټرمپ ایران اتمي تاسیساتو برید وروسته امریکا به تهران سره خبرې وکړي,ولسمشر ډونالډ ټرمپ وايي، امریکایي مرکچیان به راتلونکې اونۍ خپلو ایراني سیالانو سره وګوري ترڅو ایران سره هغو اټومي تاسیساتو منځه وړلو اړه یوې احتمالي موافقې اړه بحث وکړي یکشنبې ورځ امریکا هوايي بریدونو کې سخت زیانمن شوي ديولسمشر ټرمپ چهارشنبې ورځ جون ۲۵ سرطان ۴ هالنډ هاګ ښار کې یوه خبري کنفرانس کې ناټو مشرانو سره دوه ورځنۍ سرمشریزې پای کې وویل هغه خپل بهرنیو چارو وزیر مارکو روبیو ته لارښوونه کړې ایران سره لاسلیک کولو لپاره یوه موافقه جوړه کړيخو ټرمپ دا هم وویل هغه پروا کوي که چیرې ایران دا ډول موافقه رد کړي ځکه هغه وینا، متحدو ایالاتو یکشنبې برید کې ایران درې اټومي تاسیسات ایران وسلو هڅو دپاره اړین وو بمبار کړي ویجاړ کړي ديټرمپ ایراني لوري اړه وویل زه دې اړه ډېر ډاډه یم که موږ یو سند ترلاسه کړو، نو دا به بده وي موږ به ورسره ملاقات وکړوامریکایي مرکچیان اپریل میاشتې تر مې میاشتې پورې عماني منځګړو لارې ایران سره پنځه پړاوه خبرې اترې وکړې ترڅو یوې موافقې ته ورسیږيخو ایران ټینګار وکړ وسلو جوړولو کچې ته یورانیمو غني کولو حق وساتي، خبرې اترې جون ۱۳مه هغه وخت وځنډېدې اسرائیل ایران باندې یورانیمو غني کولو وړتیاوو منځه وړلو لپاره پوځي برید کړاسرائیل اوږدې مودې راهیسې اټومي وسلو سمبال ایران ته یو ګواښ سترګه ګوري، ځکه اسلامي جمهوریت ایران مکرر ډول یهودي دولت منځه وړلو غږ کړید متحدو ایالتونو بهرنیو چارو وزیر مارکو روبیو ټرمپ تر څنګ ولاړ و خبریالانو ته وویل ایران باید امریکا سره یوې هوکړې لپاره یو بل ډول چلند غوره کړيروبیو وویل واضح ده، دا به ایران رضایت پورې اړه ولري یوازې سوله کې ښکیل شي، بلکې متحدو ایالاتو سره هم مستقیمې خبرې اترې وکړي، کوم دریم هیواد یا څلورم هیواد پروسې لارې,2025-06-26T04:43:20.020597
https://www.pashtovoa.com/a/trump-says-us-to-meet-iran-next-week-on-potential-nuclear-deal/8041978.html,VOA Pashto,ټرمپ د ایران په اتمي تاسیساتو له برید وروسته امریکا به د تهران سره خبرې وکړي,ولسمشر ډونالډ ټرمپ وايي، امریکایي مرکچیان به راتلونکې اونۍ له خپلو ایراني سیالانو سره وګوري ترڅو د ایران سره د هغو اټومي تاسیساتو د له منځه وړلو په اړه د یوې احتمالي موافقې په اړه بحث وکړي چې د یکشنبې په ورځ د امریکا په هوايي بریدونو کې سخت زیانمن شوي ديولسمشر ټرمپ د چهارشنبې په ورځ د جون ۲۵ د سرطان ۴ د هالنډ په هاګ ښار کې په یوه خبري کنفرانس کې د ناټو د مشرانو سره د دوه ورځنۍ سرمشریزې په پای کې وویل چې هغه خپل د بهرنیو چارو وزیر مارکو روبیو ته لارښوونه کړې چې د ایران سره د لاسلیک کولو لپاره یوه موافقه جوړه کړيخو ټرمپ دا هم وویل چې هغه پروا نه کوي که چیرې ایران دا ډول موافقه رد کړي ځکه چې د هغه په وینا، متحدو ایالاتو د یکشنبې په برید کې د ایران درې اټومي تاسیسات چې د ایران د وسلو د هڅو دپاره اړین وو بمبار کړي او ویجاړ کړي ديټرمپ د ایراني لوري په اړه وویل زه په دې اړه ډېر ډاډه نه یم که موږ یو سند ترلاسه کړو، نو دا به بده نه وي موږ به ورسره ملاقات وکړوامریکایي مرکچیان د اپریل له میاشتې تر مې میاشتې پورې د عماني منځګړو له لارې له ایران سره پنځه پړاوه خبرې اترې وکړې ترڅو یوې موافقې ته ورسیږيخو ایران ټینګار وکړ چې د وسلو جوړولو کچې ته د یورانیمو د غني کولو حق وساتي، او خبرې اترې د جون په ۱۳مه هغه وخت وځنډېدې چې اسرائیل په ایران باندې د یورانیمو د غني کولو وړتیاوو د له منځه وړلو لپاره پوځي برید کړاسرائیل له اوږدې مودې راهیسې په اټومي وسلو سمبال ایران ته د یو ګواښ په سترګه ګوري، ځکه چې اسلامي جمهوریت ایران په مکرر ډول د یهودي دولت د له منځه وړلو غږ کړید متحدو ایالتونو د بهرنیو چارو وزیر مارکو روبیو چې د ټرمپ تر څنګ ولاړ و خبریالانو ته وویل چې ایران باید له امریکا سره د یوې هوکړې لپاره یو بل ډول چلند غوره کړيروبیو وویل واضح ده، دا به د ایران په رضایت پورې اړه ولري چې نه یوازې په سوله کې ښکیل شي، بلکې د متحدو ایالاتو سره هم مستقیمې خبرې اترې وکړي، نه د کوم دریم هیواد یا څلورم هیواد د پروسې له لارې,ټرمپ ایران اتمي تاسیساتو برید وروسته امریکا به تهران سره خبرې وکړي,ولسمشر ډونالډ ټرمپ وايي، امریکایي مرکچیان به راتلونکې اونۍ خپلو ایراني سیالانو سره وګوري ترڅو ایران سره هغو اټومي تاسیساتو منځه وړلو اړه یوې احتمالي موافقې اړه بحث وکړي یکشنبې ورځ امریکا هوايي بریدونو کې سخت زیانمن شوي ديولسمشر ټرمپ چهارشنبې ورځ جون ۲۵ سرطان ۴ هالنډ هاګ ښار کې یوه خبري کنفرانس کې ناټو مشرانو سره دوه ورځنۍ سرمشریزې پای کې وویل هغه خپل بهرنیو چارو وزیر مارکو روبیو ته لارښوونه کړې ایران سره لاسلیک کولو لپاره یوه موافقه جوړه کړيخو ټرمپ دا هم وویل هغه پروا کوي که چیرې ایران دا ډول موافقه رد کړي ځکه هغه وینا، متحدو ایالاتو یکشنبې برید کې ایران درې اټومي تاسیسات ایران وسلو هڅو دپاره اړین وو بمبار کړي ویجاړ کړي ديټرمپ ایراني لوري اړه وویل زه دې اړه ډېر ډاډه یم که موږ یو سند ترلاسه کړو، نو دا به بده وي موږ به ورسره ملاقات وکړوامریکایي مرکچیان اپریل میاشتې تر مې میاشتې پورې عماني منځګړو لارې ایران سره پنځه پړاوه خبرې اترې وکړې ترڅو یوې موافقې ته ورسیږيخو ایران ټینګار وکړ وسلو جوړولو کچې ته یورانیمو غني کولو حق وساتي، خبرې اترې جون ۱۳مه هغه وخت وځنډېدې اسرائیل ایران باندې یورانیمو غني کولو وړتیاوو منځه وړلو لپاره پوځي برید کړاسرائیل اوږدې مودې راهیسې اټومي وسلو سمبال ایران ته یو ګواښ سترګه ګوري، ځکه اسلامي جمهوریت ایران مکرر ډول یهودي دولت منځه وړلو غږ کړید متحدو ایالتونو بهرنیو چارو وزیر مارکو روبیو ټرمپ تر څنګ ولاړ و خبریالانو ته وویل ایران باید امریکا سره یوې هوکړې لپاره یو بل ډول چلند غوره کړيروبیو وویل واضح ده، دا به ایران رضایت پورې اړه ولري یوازې سوله کې ښکیل شي، بلکې متحدو ایالاتو سره هم مستقیمې خبرې اترې وکړي، کوم دریم هیواد یا څلورم هیواد پروسې لارې,2025-06-26T04:43:20.270774
https://www.pashtovoa.com/a/iran-israel-attacks---afghan-migrants-in-iran/8040508.html,VOA Pashto,په ایران باندې د اسرائيل بریدونه او د افغان کډوالو ستنېدل,په ایران باندې د اسرائیل د بریدونو له کبله له ایران څخه افغانستان ته د افغان کډوالو ستنېدل زیات شوي ديد طالبانو حکومت تر کنترول لاندې باختر خبري اژانس راپور ورکړی دی، چې د اسرائيل د بریدونو له پیل وروسته په څلورو ورځو کې له ایران څخه د افغان کډوالو ۲۰۰۰ کورنۍ خپل هېواد ته راستانه شوي دغه اژانس نه دي ویلي چې په هرې کورنۍ کې څومره کسان و او څومره کډوال راستانه شوي ديد بریدونو په لومړیو ورځو کې ځینو رسنیو راپور ورکړی و، چې ایراني مقاماتو افغان کډوال له تهران څخه وتلو ته نه پرېښودلخو په ایران کې یو افغان کډوال، چې نه غواړي نوم په راپور کې ولیکل شي، امریکا غږ افغانستان څانګې ته وویل چې قانوني اسناد لرونکي افغانان ازاد تګ راتګ کولای شيخو هغه وویل چې د امنیتي اندېښنو او د ګواښونو د مخنیوي لپاره هغو افغانانو ته چې د اوسېدو قانوني اسناد نه لري، له تهران څخه د وتلو اجازه نه شتهیو بل افغان کډوال هم امریکا غږ ته وویل چې انټرنټ قطع شوي او له نورو سره اړیکه نیول سخت دي هغه وویل حال مو ډېر خراب دی اوبه نه شته، نانوایان له دوو ډوډیو ډېرې نه راکوي، بانکي کارتونه بند شويپه همدې حال کې راپورونه وايي چې د اسرائيل په بریدونو کې یو شمېر افغانانو ته هم مرګ ژوبله اوښتې ده، خو دقیق ارقام یې نه شتهایراني مقامات وايي چې په ایران کې شپږ میلیون افغانان ژوند کوي، چې قانوني اسنادو لرونکي او نه لرونکي په کې شامل ديد امریکا ولسمشر دونالډ ټرمپ د دوشنبې په ورځ د تهران له اوسېدونکو څخه وغوښتل چې ژر تر ژره ووځي اسرائيل هم له څو ورځو راهېسې د ایران د ځینو سیمو اوسېدونکو ته پرلپسې خبرداری ورکوي چې ووځيپه ایران کې د افغان خبریالانو وضعیتد خبریالانو د ملاتړ ادارې نۍ په ایران کې د افغان خبریالانو د وضعیت په اړه اندېښنه ښودلې ده او له نړیوالو بنسټونو څخه یې غوښتي دي، چې له ایران څخه د افغان خبریالانو په اېستلو او درېیم هېواد ته یې په لېږدولو کې مرسته وکړيدغې ادارې ویلي دي چې په ایران کې د مېشتو افغان خبریالانو او د رسنیو د کارکوونکو جسمي او رواني امنیت له خطر سره مخامخ دی او په وینا یې دا خبریالان یوازې د اسرائیل د بریدونو له کبله نه کړېږي، بلکې په ایران کې د افغان کډوالو په اړه یې منفي احساسات یې ځورووي او کړويپه ۲۰۲۱ کال کې په افغانستان کې د طالبانو له راتګ وروسته، سلګونه افغان خبریالان او د رسنیو کارکوونکي له افغانستان څخه ووتل او یو شمېر یې ایران ته ولاړلاسرائيل د جمعې په ورځ د ایران یو شمېر پوځي او اتومي تاسیسات په نښه کړل او ایران یې هم په ځواب کې په اسرائيل د میزایلو بریدونه پیل کړل او دا جګړه لا هم روانه دهد جګړې تلفاتد ایران د روغتیا وزارت وایي چې تر دې دمه د اسرائيل په بریدونو کې ۲۲۴ کسان وژل شوي او ۱۲۷۷ تنه نور زخمیان شوي دي خو د بشري حقونو یو شمېر سازمانونه وايي چې په دغو بریدونو کې ۶۳۹ تنه وژل شوي او ۱۳۲۹ نور ژوبل دي، چې اکثریت یې ولسي خلک دياسرائيلي مقاماتو ویلي دي چې د ایران په بریدونو کې تر دې دمه ۲۶ تنه وژل شوي او تقریبآ ۶۰۰ نور ژوبل دي,ایران باندې اسرائيل بریدونه افغان کډوالو ستنېدل,ایران باندې اسرائیل بریدونو کبله ایران څخه افغانستان ته افغان کډوالو ستنېدل زیات شوي ديد طالبانو حکومت تر کنترول لاندې باختر خبري اژانس راپور ورکړی دی، اسرائيل بریدونو پیل وروسته څلورو ورځو کې ایران څخه افغان کډوالو ۲۰۰۰ کورنۍ خپل هېواد ته راستانه شوي دغه اژانس دي ویلي هرې کورنۍ کې څومره کسان و څومره کډوال راستانه شوي ديد بریدونو لومړیو ورځو کې ځینو رسنیو راپور ورکړی و، ایراني مقاماتو افغان کډوال تهران څخه وتلو ته پرېښودلخو ایران کې یو افغان کډوال، غواړي نوم راپور کې ولیکل شي، امریکا غږ افغانستان څانګې ته وویل قانوني اسناد لرونکي افغانان ازاد تګ راتګ کولای شيخو هغه وویل امنیتي اندېښنو ګواښونو مخنیوي لپاره هغو افغانانو ته اوسېدو قانوني اسناد لري، تهران څخه وتلو اجازه شتهیو بل افغان کډوال هم امریکا غږ ته وویل انټرنټ قطع شوي نورو سره اړیکه نیول سخت دي هغه وویل حال مو ډېر خراب دی اوبه شته، نانوایان دوو ډوډیو ډېرې راکوي، بانکي کارتونه بند شويپه همدې حال کې راپورونه وايي اسرائيل بریدونو کې یو شمېر افغانانو ته هم مرګ ژوبله اوښتې ده، خو دقیق ارقام یې شتهایراني مقامات وايي ایران کې شپږ میلیون افغانان ژوند کوي، قانوني اسنادو لرونکي لرونکي کې شامل ديد امریکا ولسمشر دونالډ ټرمپ دوشنبې ورځ تهران اوسېدونکو څخه وغوښتل ژر تر ژره ووځي اسرائيل هم څو ورځو راهېسې ایران ځینو سیمو اوسېدونکو ته پرلپسې خبرداری ورکوي ووځيپه ایران کې افغان خبریالانو وضعیتد خبریالانو ملاتړ ادارې نۍ ایران کې افغان خبریالانو وضعیت اړه اندېښنه ښودلې ده نړیوالو بنسټونو څخه یې غوښتي دي، ایران څخه افغان خبریالانو اېستلو درېیم هېواد ته یې لېږدولو کې مرسته وکړيدغې ادارې ویلي دي ایران کې مېشتو افغان خبریالانو رسنیو کارکوونکو جسمي رواني امنیت خطر سره مخامخ دی وینا یې دا خبریالان یوازې اسرائیل بریدونو کبله کړېږي، بلکې ایران کې افغان کډوالو اړه یې منفي احساسات یې ځورووي کړويپه ۲۰۲۱ کال کې افغانستان کې طالبانو راتګ وروسته، سلګونه افغان خبریالان رسنیو کارکوونکي افغانستان څخه ووتل یو شمېر یې ایران ته ولاړلاسرائيل جمعې ورځ ایران یو شمېر پوځي اتومي تاسیسات نښه کړل ایران یې هم ځواب کې اسرائيل میزایلو بریدونه پیل کړل دا جګړه لا هم روانه دهد جګړې تلفاتد ایران روغتیا وزارت وایي تر دې دمه اسرائيل بریدونو کې ۲۲۴ کسان وژل شوي ۱۲۷۷ تنه نور زخمیان شوي دي خو بشري حقونو یو شمېر سازمانونه وايي دغو بریدونو کې ۶۳۹ تنه وژل شوي ۱۳۲۹ نور ژوبل دي، اکثریت یې ولسي خلک دياسرائيلي مقاماتو ویلي دي ایران بریدونو کې تر دې دمه ۲۶ تنه وژل شوي تقریبآ ۶۰۰ نور ژوبل دي,2025-06-26T04:43:20.669642
https://www.pashtovoa.com/a/us-visa/8040550.html,VOA Pashto,د امریکا د ویزې د متقاضیانو د ټولنیزو رسنیو هره اړخیزه ارزونه به کیږي,د متحدو ایالتونو د بهرنیو چارو وزارت د چهارشنبې په ورځ د جون ۱۸ جوزا ۲۸ وویل چې د ویزې د ورکولو پروسه یې د هغو بهرنیانو لپاره چې غواړي په امریکا کې تحصیل وکړي بیرته پیل کړې خو د درخواست کوونکو د ټولنیزو رسنیو د فعالیتونو جامع ارزونه به کويپه دغه ترڅ کې د قونسلګریو مامورین به د درخواست کوونکو د ټولنیزو رسنیو پوسټونه او پيغامونه ګوري تر څو دا معلومه کړي چې د امریکا سره خو به خصومت یا دوښمني نه لريپه هغه بیان کې چې د چهارشنبې په ورځ خپور شوی دی ویل شوي دي چې د امریکا د ویزو درخواست کوونکو ته به وویل شي چې د خپلو ټولنیزو رسنیو حسابونه عمومي یا  کړيد نوو لارښوونو پا اساس، موږ به د ټولو محصلینو او کلتورې تبادلې د درخواست کوونکو، چې د ، ، او  د غیرمهاجرت د ویزو کتګورۍ کې شامل دي، د درخواستونو جامع او بشپړ ارزونه وکړو چې په کې د دوی انټرنیتي حضور فعالیتونه هم شامل ديهغه لارښوونې چې د قونسلګریو مسولینو ته استول شوي په کې راغلي دي چې دوی باید چې د متحدو ایالتونو د اتباعو، کلتور، حکومت، ادارو، او د بنسټیزو اصولو سره د دښمنیو نښې نښانې ولټويتیره میاشت، د ټرمپ ادارې د بهرنیو محصیلینو نه چې غواړي په امریکا کې تحصیل وکړي د ویزو ورکولو د نویو مرکو مهالویش وځنډاوهد امریکا د بهرنیو چارو وزیر وویل چې دوی د پروسې بیا کتنه کويد امریکا د بهرنیو چارو وزارت وویل متحده ایالتونه باید د ویزو د صادرولو په پروسې کې پوره پام وکړي تر څو چې دا یقیني کړي چې هغه کسان چې امریکا ته د راتګ درخواست کوي د دې اراده و نه لري چې امریکایانو ته او زموږ ملي ګټو ته زیان ورسوي او دا چې ټول درخواست کوونکي په باوري ډول دا ثابته کړي چې دوی د ویزې د اخیستلو لپاره واجد شرایط دي چې په کې دا هم راځي چې دوی اراده لري چې په هغو فعالیتونو کې برخه اخلي چې د دوی د د راتګ د شراېطو سره سمون لري,امریکا ویزې متقاضیانو ټولنیزو رسنیو هره اړخیزه ارزونه به کیږي,متحدو ایالتونو بهرنیو چارو وزارت چهارشنبې ورځ جون ۱۸ جوزا ۲۸ وویل ویزې ورکولو پروسه یې هغو بهرنیانو لپاره غواړي امریکا کې تحصیل وکړي بیرته پیل کړې خو درخواست کوونکو ټولنیزو رسنیو فعالیتونو جامع ارزونه به کويپه دغه ترڅ کې قونسلګریو مامورین به درخواست کوونکو ټولنیزو رسنیو پوسټونه پيغامونه ګوري تر څو دا معلومه کړي امریکا سره خو به خصومت یا دوښمني لريپه هغه بیان کې چهارشنبې ورځ خپور شوی دی ویل شوي دي امریکا ویزو درخواست کوونکو ته به وویل شي خپلو ټولنیزو رسنیو حسابونه عمومي یا کړيد نوو لارښوونو پا اساس، موږ به ټولو محصلینو کلتورې تبادلې درخواست کوونکو، ، ، غیرمهاجرت ویزو کتګورۍ کې شامل دي، درخواستونو جامع بشپړ ارزونه وکړو کې دوی انټرنیتي حضور فعالیتونه هم شامل ديهغه لارښوونې قونسلګریو مسولینو ته استول شوي کې راغلي دي دوی باید متحدو ایالتونو اتباعو، کلتور، حکومت، ادارو، بنسټیزو اصولو سره دښمنیو نښې نښانې ولټويتیره میاشت، ټرمپ ادارې بهرنیو محصیلینو غواړي امریکا کې تحصیل وکړي ویزو ورکولو نویو مرکو مهالویش وځنډاوهد امریکا بهرنیو چارو وزیر وویل دوی پروسې بیا کتنه کويد امریکا بهرنیو چارو وزارت وویل متحده ایالتونه باید ویزو صادرولو پروسې کې پوره پام وکړي تر څو دا یقیني کړي هغه کسان امریکا ته راتګ درخواست کوي دې اراده و لري امریکایانو ته زموږ ملي ګټو ته زیان ورسوي دا ټول درخواست کوونکي باوري ډول دا ثابته کړي دوی ویزې اخیستلو لپاره واجد شرایط دي کې دا هم راځي دوی اراده لري هغو فعالیتونو کې برخه اخلي دوی راتګ شراېطو سره سمون لري,2025-06-26T04:43:20.677271
https://www.pashtovoa.com/a/us-visa/8040550.html,VOA Pashto,د امریکا د ویزې د متقاضیانو د ټولنیزو رسنیو هره اړخیزه ارزونه به کیږي,د متحدو ایالتونو د بهرنیو چارو وزارت د چهارشنبې په ورځ د جون ۱۸ جوزا ۲۸ وویل چې د ویزې د ورکولو پروسه یې د هغو بهرنیانو لپاره چې غواړي په امریکا کې تحصیل وکړي بیرته پیل کړې خو د درخواست کوونکو د ټولنیزو رسنیو د فعالیتونو جامع ارزونه به کويپه دغه ترڅ کې د قونسلګریو مامورین به د درخواست کوونکو د ټولنیزو رسنیو پوسټونه او پيغامونه ګوري تر څو دا معلومه کړي چې د امریکا سره خو به خصومت یا دوښمني نه لريپه هغه بیان کې چې د چهارشنبې په ورځ خپور شوی دی ویل شوي دي چې د امریکا د ویزو درخواست کوونکو ته به وویل شي چې د خپلو ټولنیزو رسنیو حسابونه عمومي یا  کړيد نوو لارښوونو پا اساس، موږ به د ټولو محصلینو او کلتورې تبادلې د درخواست کوونکو، چې د ، ، او  د غیرمهاجرت د ویزو کتګورۍ کې شامل دي، د درخواستونو جامع او بشپړ ارزونه وکړو چې په کې د دوی انټرنیتي حضور فعالیتونه هم شامل ديهغه لارښوونې چې د قونسلګریو مسولینو ته استول شوي په کې راغلي دي چې دوی باید چې د متحدو ایالتونو د اتباعو، کلتور، حکومت، ادارو، او د بنسټیزو اصولو سره د دښمنیو نښې نښانې ولټويتیره میاشت، د ټرمپ ادارې د بهرنیو محصیلینو نه چې غواړي په امریکا کې تحصیل وکړي د ویزو ورکولو د نویو مرکو مهالویش وځنډاوهد امریکا د بهرنیو چارو وزیر وویل چې دوی د پروسې بیا کتنه کويد امریکا د بهرنیو چارو وزارت وویل متحده ایالتونه باید د ویزو د صادرولو په پروسې کې پوره پام وکړي تر څو چې دا یقیني کړي چې هغه کسان چې امریکا ته د راتګ درخواست کوي د دې اراده و نه لري چې امریکایانو ته او زموږ ملي ګټو ته زیان ورسوي او دا چې ټول درخواست کوونکي په باوري ډول دا ثابته کړي چې دوی د ویزې د اخیستلو لپاره واجد شرایط دي چې په کې دا هم راځي چې دوی اراده لري چې په هغو فعالیتونو کې برخه اخلي چې د دوی د د راتګ د شراېطو سره سمون لري,امریکا ویزې متقاضیانو ټولنیزو رسنیو هره اړخیزه ارزونه به کیږي,متحدو ایالتونو بهرنیو چارو وزارت چهارشنبې ورځ جون ۱۸ جوزا ۲۸ وویل ویزې ورکولو پروسه یې هغو بهرنیانو لپاره غواړي امریکا کې تحصیل وکړي بیرته پیل کړې خو درخواست کوونکو ټولنیزو رسنیو فعالیتونو جامع ارزونه به کويپه دغه ترڅ کې قونسلګریو مامورین به درخواست کوونکو ټولنیزو رسنیو پوسټونه پيغامونه ګوري تر څو دا معلومه کړي امریکا سره خو به خصومت یا دوښمني لريپه هغه بیان کې چهارشنبې ورځ خپور شوی دی ویل شوي دي امریکا ویزو درخواست کوونکو ته به وویل شي خپلو ټولنیزو رسنیو حسابونه عمومي یا کړيد نوو لارښوونو پا اساس، موږ به ټولو محصلینو کلتورې تبادلې درخواست کوونکو، ، ، غیرمهاجرت ویزو کتګورۍ کې شامل دي، درخواستونو جامع بشپړ ارزونه وکړو کې دوی انټرنیتي حضور فعالیتونه هم شامل ديهغه لارښوونې قونسلګریو مسولینو ته استول شوي کې راغلي دي دوی باید متحدو ایالتونو اتباعو، کلتور، حکومت، ادارو، بنسټیزو اصولو سره دښمنیو نښې نښانې ولټويتیره میاشت، ټرمپ ادارې بهرنیو محصیلینو غواړي امریکا کې تحصیل وکړي ویزو ورکولو نویو مرکو مهالویش وځنډاوهد امریکا بهرنیو چارو وزیر وویل دوی پروسې بیا کتنه کويد امریکا بهرنیو چارو وزارت وویل متحده ایالتونه باید ویزو صادرولو پروسې کې پوره پام وکړي تر څو دا یقیني کړي هغه کسان امریکا ته راتګ درخواست کوي دې اراده و لري امریکایانو ته زموږ ملي ګټو ته زیان ورسوي دا ټول درخواست کوونکي باوري ډول دا ثابته کړي دوی ویزې اخیستلو لپاره واجد شرایط دي کې دا هم راځي دوی اراده لري هغو فعالیتونو کې برخه اخلي دوی راتګ شراېطو سره سمون لري,2025-06-26T04:43:20.737764
https://www.pashtovoa.com/a/iran-israel-attacks---afghan-migrants-in-iran/8040508.html,VOA Pashto,په ایران باندې د اسرائيل بریدونه او د افغان کډوالو ستنېدل,په ایران باندې د اسرائیل د بریدونو له کبله له ایران څخه افغانستان ته د افغان کډوالو ستنېدل زیات شوي ديد طالبانو حکومت تر کنترول لاندې باختر خبري اژانس راپور ورکړی دی، چې د اسرائيل د بریدونو له پیل وروسته په څلورو ورځو کې له ایران څخه د افغان کډوالو ۲۰۰۰ کورنۍ خپل هېواد ته راستانه شوي دغه اژانس نه دي ویلي چې په هرې کورنۍ کې څومره کسان و او څومره کډوال راستانه شوي ديد بریدونو په لومړیو ورځو کې ځینو رسنیو راپور ورکړی و، چې ایراني مقاماتو افغان کډوال له تهران څخه وتلو ته نه پرېښودلخو په ایران کې یو افغان کډوال، چې نه غواړي نوم په راپور کې ولیکل شي، امریکا غږ افغانستان څانګې ته وویل چې قانوني اسناد لرونکي افغانان ازاد تګ راتګ کولای شيخو هغه وویل چې د امنیتي اندېښنو او د ګواښونو د مخنیوي لپاره هغو افغانانو ته چې د اوسېدو قانوني اسناد نه لري، له تهران څخه د وتلو اجازه نه شتهیو بل افغان کډوال هم امریکا غږ ته وویل چې انټرنټ قطع شوي او له نورو سره اړیکه نیول سخت دي هغه وویل حال مو ډېر خراب دی اوبه نه شته، نانوایان له دوو ډوډیو ډېرې نه راکوي، بانکي کارتونه بند شويپه همدې حال کې راپورونه وايي چې د اسرائيل په بریدونو کې یو شمېر افغانانو ته هم مرګ ژوبله اوښتې ده، خو دقیق ارقام یې نه شتهایراني مقامات وايي چې په ایران کې شپږ میلیون افغانان ژوند کوي، چې قانوني اسنادو لرونکي او نه لرونکي په کې شامل ديد امریکا ولسمشر دونالډ ټرمپ د دوشنبې په ورځ د تهران له اوسېدونکو څخه وغوښتل چې ژر تر ژره ووځي اسرائيل هم له څو ورځو راهېسې د ایران د ځینو سیمو اوسېدونکو ته پرلپسې خبرداری ورکوي چې ووځيپه ایران کې د افغان خبریالانو وضعیتد خبریالانو د ملاتړ ادارې نۍ په ایران کې د افغان خبریالانو د وضعیت په اړه اندېښنه ښودلې ده او له نړیوالو بنسټونو څخه یې غوښتي دي، چې له ایران څخه د افغان خبریالانو په اېستلو او درېیم هېواد ته یې په لېږدولو کې مرسته وکړيدغې ادارې ویلي دي چې په ایران کې د مېشتو افغان خبریالانو او د رسنیو د کارکوونکو جسمي او رواني امنیت له خطر سره مخامخ دی او په وینا یې دا خبریالان یوازې د اسرائیل د بریدونو له کبله نه کړېږي، بلکې په ایران کې د افغان کډوالو په اړه یې منفي احساسات یې ځورووي او کړويپه ۲۰۲۱ کال کې په افغانستان کې د طالبانو له راتګ وروسته، سلګونه افغان خبریالان او د رسنیو کارکوونکي له افغانستان څخه ووتل او یو شمېر یې ایران ته ولاړلاسرائيل د جمعې په ورځ د ایران یو شمېر پوځي او اتومي تاسیسات په نښه کړل او ایران یې هم په ځواب کې په اسرائيل د میزایلو بریدونه پیل کړل او دا جګړه لا هم روانه دهد جګړې تلفاتد ایران د روغتیا وزارت وایي چې تر دې دمه د اسرائيل په بریدونو کې ۲۲۴ کسان وژل شوي او ۱۲۷۷ تنه نور زخمیان شوي دي خو د بشري حقونو یو شمېر سازمانونه وايي چې په دغو بریدونو کې ۶۳۹ تنه وژل شوي او ۱۳۲۹ نور ژوبل دي، چې اکثریت یې ولسي خلک دياسرائيلي مقاماتو ویلي دي چې د ایران په بریدونو کې تر دې دمه ۲۶ تنه وژل شوي او تقریبآ ۶۰۰ نور ژوبل دي,ایران باندې اسرائيل بریدونه افغان کډوالو ستنېدل,ایران باندې اسرائیل بریدونو کبله ایران څخه افغانستان ته افغان کډوالو ستنېدل زیات شوي ديد طالبانو حکومت تر کنترول لاندې باختر خبري اژانس راپور ورکړی دی، اسرائيل بریدونو پیل وروسته څلورو ورځو کې ایران څخه افغان کډوالو ۲۰۰۰ کورنۍ خپل هېواد ته راستانه شوي دغه اژانس دي ویلي هرې کورنۍ کې څومره کسان و څومره کډوال راستانه شوي ديد بریدونو لومړیو ورځو کې ځینو رسنیو راپور ورکړی و، ایراني مقاماتو افغان کډوال تهران څخه وتلو ته پرېښودلخو ایران کې یو افغان کډوال، غواړي نوم راپور کې ولیکل شي، امریکا غږ افغانستان څانګې ته وویل قانوني اسناد لرونکي افغانان ازاد تګ راتګ کولای شيخو هغه وویل امنیتي اندېښنو ګواښونو مخنیوي لپاره هغو افغانانو ته اوسېدو قانوني اسناد لري، تهران څخه وتلو اجازه شتهیو بل افغان کډوال هم امریکا غږ ته وویل انټرنټ قطع شوي نورو سره اړیکه نیول سخت دي هغه وویل حال مو ډېر خراب دی اوبه شته، نانوایان دوو ډوډیو ډېرې راکوي، بانکي کارتونه بند شويپه همدې حال کې راپورونه وايي اسرائيل بریدونو کې یو شمېر افغانانو ته هم مرګ ژوبله اوښتې ده، خو دقیق ارقام یې شتهایراني مقامات وايي ایران کې شپږ میلیون افغانان ژوند کوي، قانوني اسنادو لرونکي لرونکي کې شامل ديد امریکا ولسمشر دونالډ ټرمپ دوشنبې ورځ تهران اوسېدونکو څخه وغوښتل ژر تر ژره ووځي اسرائيل هم څو ورځو راهېسې ایران ځینو سیمو اوسېدونکو ته پرلپسې خبرداری ورکوي ووځيپه ایران کې افغان خبریالانو وضعیتد خبریالانو ملاتړ ادارې نۍ ایران کې افغان خبریالانو وضعیت اړه اندېښنه ښودلې ده نړیوالو بنسټونو څخه یې غوښتي دي، ایران څخه افغان خبریالانو اېستلو درېیم هېواد ته یې لېږدولو کې مرسته وکړيدغې ادارې ویلي دي ایران کې مېشتو افغان خبریالانو رسنیو کارکوونکو جسمي رواني امنیت خطر سره مخامخ دی وینا یې دا خبریالان یوازې اسرائیل بریدونو کبله کړېږي، بلکې ایران کې افغان کډوالو اړه یې منفي احساسات یې ځورووي کړويپه ۲۰۲۱ کال کې افغانستان کې طالبانو راتګ وروسته، سلګونه افغان خبریالان رسنیو کارکوونکي افغانستان څخه ووتل یو شمېر یې ایران ته ولاړلاسرائيل جمعې ورځ ایران یو شمېر پوځي اتومي تاسیسات نښه کړل ایران یې هم ځواب کې اسرائيل میزایلو بریدونه پیل کړل دا جګړه لا هم روانه دهد جګړې تلفاتد ایران روغتیا وزارت وایي تر دې دمه اسرائيل بریدونو کې ۲۲۴ کسان وژل شوي ۱۲۷۷ تنه نور زخمیان شوي دي خو بشري حقونو یو شمېر سازمانونه وايي دغو بریدونو کې ۶۳۹ تنه وژل شوي ۱۳۲۹ نور ژوبل دي، اکثریت یې ولسي خلک دياسرائيلي مقاماتو ویلي دي ایران بریدونو کې تر دې دمه ۲۶ تنه وژل شوي تقریبآ ۶۰۰ نور ژوبل دي,2025-06-26T04:43:22.043075
https://www.pashtovoa.com/a/trump-welcomes-apparent-pledge-by-nato-members-to-boost-defense-spending/8041701.html,VOA Pashto,ټرمپ د ناټو غړو د دفاعي لګښتونو د زیاتوالي د ژمنې هرکلی وکړ,د امریکا ولسمشر ډونالډ ټرمپ د ناټو د غړو د هغې څرګندې ژمنې هرکلی وکړ چې دفاعي لګښتونه به د ناخالص کورني تولید پنځه سلنې ته ورزیات کړي، خو ویې ویل چې په دې باور نه دی چې متحده ایالات باید خپل لګښتونه ورته هدف ته زیات کړيټرمپ چې د سې شنبې په ورځ د جون په ۲۴مه د سرطان ۳ هالنډ ته د ناټو سرمشریزې ته روان و، د ولسمشر ځانګړې الوتکې ایر فورس ون کې له خبریالانو سره خبرې وکړېد شمالي امریکا او اروپايي هېوادونو د ۳۲ پوځي اتحاد هدف دا دی چې تر ۲۰۳۵ کال پورې خپل دفاعي لګښتونه د ناخالص کورني تولید ۵ سلنې ته لوړ کړيد ناټو په وینا، پولنډ د دې اتحاد یوازینی غړی و چې تیر کال یې د خپل ناخالص کورني تولید ۴ سلنه په دفاع مصرف کړه، پداسې حال کې چې د نورو غړو د لګښت کچه د ۱ او ۳ سلنې ترمنځ وه، چې د متحدو ایالتونو ونډه ۳۴ سلنه وهټرمپ په ټولنیزې رسنۍ ټروت سوشل کې په یوه پوسټ کې، د ناټو د عمومي منشي مارک روټه له خوا ورته لیږل شوي پیغام عکس شریک کړ، چې پکې روټه ویلي چې هغه د ناټو غړو موافقه ترلاسه کړې چې د دفاعي لګښتونو پنځه سلنه هدف پوره کړيروټه لیکلي دا اسانه نه وه، خو موږ ټول پنځه سلنې لګښت ته قانع کړلد ۵ سلنې هدف له دوو برخو څخه جوړ شوی دی د ناخالص کورني تولید ۳۵ سلنه برخه چې په دودیزو پوځي سیسټمونو مصرف کیږي او ۱۵ سلنه برخه چې دفاع پورې اړوندو زیربناوو لکه سړکونو او پلونو باندې مصرف کیږيټرمپ خبریالانو ته وویل دوی به دا ۵ سلنې ته لوړ کړي  دا ښه خبره ده دا دوی ته ډیر ځواک ورکويکله چې پوښتنه وشوه چې ایا متحده ایالات به هم د ۵ سلنې هدف پوره کړي، ټرمپ یادونه وکړه چې د زیات شوي لګښت ډیره برخه د اروپایي سړکونو او پلونو د ښه سمبالولو لپاره وه ترڅو د درنو پوځي تجهیزاتو لپاره وکارول شيټرمپ وویل موږ په اروپا کې هیڅ سړکونه نلرو، موږ په اروپا کې هیڅ پلونه نلرو نو نه، دا هدفي لګښت به زموږ لپاره په بشپړ ډول ورته نه ويټرمپ له اوږدې مودې راهیسې د ناټو له نورو غړو څخه غوښتي چې خپل متقابل دفاعي لګښتونه زیات کړي ترڅو د دې اتحاد د ساتلو لپاره د متحده ایالاتو بار کم کړي ناټو تیره اونۍ اعلان وکړ چې د متحدو ایالاتو دفاعي لګښتونه د اتحاد د ټولټال دوه پر دریمه برخه جوړويکله چې له ټرمپ څخه د ناټو د پنځمې مادې د ګډې دفاع اصل ته د هغه د ژمنتیا په اړه پوښتنه وشوه، چې وايي د ناټو په یوه غړي باندې وسله وال برید په ټولو باندې برید ګڼل کیږي، وویل، دا ستاسو په تعریف پورې اړه لري پنځمه ماده دا غړو هیوادونو ته پریږدي چې پریکړه وکړي چې د ناټو په هر غړي سره چې برید کیږي د مرستې لپاره څه اقدام وکړيټرمپ د اتحاد نورو غړو ته په اشارې وویل زه د دوی سره ملګرتیا ته ژمن یم,ټرمپ ناټو غړو دفاعي لګښتونو زیاتوالي ژمنې هرکلی وکړ,امریکا ولسمشر ډونالډ ټرمپ ناټو غړو هغې څرګندې ژمنې هرکلی وکړ دفاعي لګښتونه به ناخالص کورني تولید پنځه سلنې ته ورزیات کړي، خو ویې ویل دې باور دی متحده ایالات باید خپل لګښتونه ورته هدف ته زیات کړيټرمپ سې شنبې ورځ جون ۲۴مه سرطان ۳ هالنډ ته ناټو سرمشریزې ته روان و، ولسمشر ځانګړې الوتکې ایر فورس ون کې خبریالانو سره خبرې وکړېد شمالي امریکا اروپايي هېوادونو ۳۲ پوځي اتحاد هدف دا دی تر ۲۰۳۵ کال پورې خپل دفاعي لګښتونه ناخالص کورني تولید ۵ سلنې ته لوړ کړيد ناټو وینا، پولنډ دې اتحاد یوازینی غړی و تیر کال یې خپل ناخالص کورني تولید ۴ سلنه دفاع مصرف کړه، پداسې حال کې نورو غړو لګښت کچه ۱ ۳ سلنې ترمنځ وه، متحدو ایالتونو ونډه ۳۴ سلنه وهټرمپ ټولنیزې رسنۍ ټروت سوشل کې یوه پوسټ کې، ناټو عمومي منشي مارک روټه خوا ورته لیږل شوي پیغام عکس شریک کړ، پکې روټه ویلي هغه ناټو غړو موافقه ترلاسه کړې دفاعي لګښتونو پنځه سلنه هدف پوره کړيروټه لیکلي دا اسانه وه، خو موږ ټول پنځه سلنې لګښت ته قانع کړلد ۵ سلنې هدف دوو برخو څخه جوړ شوی دی ناخالص کورني تولید ۳۵ سلنه برخه دودیزو پوځي سیسټمونو مصرف کیږي ۱۵ سلنه برخه دفاع پورې اړوندو زیربناوو لکه سړکونو پلونو باندې مصرف کیږيټرمپ خبریالانو ته وویل دوی به دا ۵ سلنې ته لوړ کړي دا ښه خبره ده دا دوی ته ډیر ځواک ورکويکله پوښتنه وشوه ایا متحده ایالات به هم ۵ سلنې هدف پوره کړي، ټرمپ یادونه وکړه زیات شوي لګښت ډیره برخه اروپایي سړکونو پلونو ښه سمبالولو لپاره وه ترڅو درنو پوځي تجهیزاتو لپاره وکارول شيټرمپ وویل موږ اروپا کې هیڅ سړکونه نلرو، موږ اروپا کې هیڅ پلونه نلرو نو نه، دا هدفي لګښت به زموږ لپاره بشپړ ډول ورته ويټرمپ اوږدې مودې راهیسې ناټو نورو غړو څخه غوښتي خپل متقابل دفاعي لګښتونه زیات کړي ترڅو دې اتحاد ساتلو لپاره متحده ایالاتو بار کم کړي ناټو تیره اونۍ اعلان وکړ متحدو ایالاتو دفاعي لګښتونه اتحاد ټولټال دوه پر دریمه برخه جوړويکله ټرمپ څخه ناټو پنځمې مادې ګډې دفاع اصل ته هغه ژمنتیا اړه پوښتنه وشوه، وايي ناټو یوه غړي باندې وسله وال برید ټولو باندې برید ګڼل کیږي، وویل، دا ستاسو تعریف پورې اړه لري پنځمه ماده دا غړو هیوادونو ته پریږدي پریکړه وکړي ناټو هر غړي سره برید کیږي مرستې لپاره څه اقدام وکړيټرمپ اتحاد نورو غړو ته اشارې وویل زه دوی سره ملګرتیا ته ژمن یم,2025-06-26T04:43:22.856188
https://www.pashtovoa.com/a/trump-welcomes-apparent-pledge-by-nato-members-to-boost-defense-spending/8041701.html,VOA Pashto,ټرمپ د ناټو غړو د دفاعي لګښتونو د زیاتوالي د ژمنې هرکلی وکړ,د امریکا ولسمشر ډونالډ ټرمپ د ناټو د غړو د هغې څرګندې ژمنې هرکلی وکړ چې دفاعي لګښتونه به د ناخالص کورني تولید پنځه سلنې ته ورزیات کړي، خو ویې ویل چې په دې باور نه دی چې متحده ایالات باید خپل لګښتونه ورته هدف ته زیات کړيټرمپ چې د سې شنبې په ورځ د جون په ۲۴مه د سرطان ۳ هالنډ ته د ناټو سرمشریزې ته روان و، د ولسمشر ځانګړې الوتکې ایر فورس ون کې له خبریالانو سره خبرې وکړېد شمالي امریکا او اروپايي هېوادونو د ۳۲ پوځي اتحاد هدف دا دی چې تر ۲۰۳۵ کال پورې خپل دفاعي لګښتونه د ناخالص کورني تولید ۵ سلنې ته لوړ کړيد ناټو په وینا، پولنډ د دې اتحاد یوازینی غړی و چې تیر کال یې د خپل ناخالص کورني تولید ۴ سلنه په دفاع مصرف کړه، پداسې حال کې چې د نورو غړو د لګښت کچه د ۱ او ۳ سلنې ترمنځ وه، چې د متحدو ایالتونو ونډه ۳۴ سلنه وهټرمپ په ټولنیزې رسنۍ ټروت سوشل کې په یوه پوسټ کې، د ناټو د عمومي منشي مارک روټه له خوا ورته لیږل شوي پیغام عکس شریک کړ، چې پکې روټه ویلي چې هغه د ناټو غړو موافقه ترلاسه کړې چې د دفاعي لګښتونو پنځه سلنه هدف پوره کړيروټه لیکلي دا اسانه نه وه، خو موږ ټول پنځه سلنې لګښت ته قانع کړلد ۵ سلنې هدف له دوو برخو څخه جوړ شوی دی د ناخالص کورني تولید ۳۵ سلنه برخه چې په دودیزو پوځي سیسټمونو مصرف کیږي او ۱۵ سلنه برخه چې دفاع پورې اړوندو زیربناوو لکه سړکونو او پلونو باندې مصرف کیږيټرمپ خبریالانو ته وویل دوی به دا ۵ سلنې ته لوړ کړي  دا ښه خبره ده دا دوی ته ډیر ځواک ورکويکله چې پوښتنه وشوه چې ایا متحده ایالات به هم د ۵ سلنې هدف پوره کړي، ټرمپ یادونه وکړه چې د زیات شوي لګښت ډیره برخه د اروپایي سړکونو او پلونو د ښه سمبالولو لپاره وه ترڅو د درنو پوځي تجهیزاتو لپاره وکارول شيټرمپ وویل موږ په اروپا کې هیڅ سړکونه نلرو، موږ په اروپا کې هیڅ پلونه نلرو نو نه، دا هدفي لګښت به زموږ لپاره په بشپړ ډول ورته نه ويټرمپ له اوږدې مودې راهیسې د ناټو له نورو غړو څخه غوښتي چې خپل متقابل دفاعي لګښتونه زیات کړي ترڅو د دې اتحاد د ساتلو لپاره د متحده ایالاتو بار کم کړي ناټو تیره اونۍ اعلان وکړ چې د متحدو ایالاتو دفاعي لګښتونه د اتحاد د ټولټال دوه پر دریمه برخه جوړويکله چې له ټرمپ څخه د ناټو د پنځمې مادې د ګډې دفاع اصل ته د هغه د ژمنتیا په اړه پوښتنه وشوه، چې وايي د ناټو په یوه غړي باندې وسله وال برید په ټولو باندې برید ګڼل کیږي، وویل، دا ستاسو په تعریف پورې اړه لري پنځمه ماده دا غړو هیوادونو ته پریږدي چې پریکړه وکړي چې د ناټو په هر غړي سره چې برید کیږي د مرستې لپاره څه اقدام وکړيټرمپ د اتحاد نورو غړو ته په اشارې وویل زه د دوی سره ملګرتیا ته ژمن یم,ټرمپ ناټو غړو دفاعي لګښتونو زیاتوالي ژمنې هرکلی وکړ,امریکا ولسمشر ډونالډ ټرمپ ناټو غړو هغې څرګندې ژمنې هرکلی وکړ دفاعي لګښتونه به ناخالص کورني تولید پنځه سلنې ته ورزیات کړي، خو ویې ویل دې باور دی متحده ایالات باید خپل لګښتونه ورته هدف ته زیات کړيټرمپ سې شنبې ورځ جون ۲۴مه سرطان ۳ هالنډ ته ناټو سرمشریزې ته روان و، ولسمشر ځانګړې الوتکې ایر فورس ون کې خبریالانو سره خبرې وکړېد شمالي امریکا اروپايي هېوادونو ۳۲ پوځي اتحاد هدف دا دی تر ۲۰۳۵ کال پورې خپل دفاعي لګښتونه ناخالص کورني تولید ۵ سلنې ته لوړ کړيد ناټو وینا، پولنډ دې اتحاد یوازینی غړی و تیر کال یې خپل ناخالص کورني تولید ۴ سلنه دفاع مصرف کړه، پداسې حال کې نورو غړو لګښت کچه ۱ ۳ سلنې ترمنځ وه، متحدو ایالتونو ونډه ۳۴ سلنه وهټرمپ ټولنیزې رسنۍ ټروت سوشل کې یوه پوسټ کې، ناټو عمومي منشي مارک روټه خوا ورته لیږل شوي پیغام عکس شریک کړ، پکې روټه ویلي هغه ناټو غړو موافقه ترلاسه کړې دفاعي لګښتونو پنځه سلنه هدف پوره کړيروټه لیکلي دا اسانه وه، خو موږ ټول پنځه سلنې لګښت ته قانع کړلد ۵ سلنې هدف دوو برخو څخه جوړ شوی دی ناخالص کورني تولید ۳۵ سلنه برخه دودیزو پوځي سیسټمونو مصرف کیږي ۱۵ سلنه برخه دفاع پورې اړوندو زیربناوو لکه سړکونو پلونو باندې مصرف کیږيټرمپ خبریالانو ته وویل دوی به دا ۵ سلنې ته لوړ کړي دا ښه خبره ده دا دوی ته ډیر ځواک ورکويکله پوښتنه وشوه ایا متحده ایالات به هم ۵ سلنې هدف پوره کړي، ټرمپ یادونه وکړه زیات شوي لګښت ډیره برخه اروپایي سړکونو پلونو ښه سمبالولو لپاره وه ترڅو درنو پوځي تجهیزاتو لپاره وکارول شيټرمپ وویل موږ اروپا کې هیڅ سړکونه نلرو، موږ اروپا کې هیڅ پلونه نلرو نو نه، دا هدفي لګښت به زموږ لپاره بشپړ ډول ورته ويټرمپ اوږدې مودې راهیسې ناټو نورو غړو څخه غوښتي خپل متقابل دفاعي لګښتونه زیات کړي ترڅو دې اتحاد ساتلو لپاره متحده ایالاتو بار کم کړي ناټو تیره اونۍ اعلان وکړ متحدو ایالاتو دفاعي لګښتونه اتحاد ټولټال دوه پر دریمه برخه جوړويکله ټرمپ څخه ناټو پنځمې مادې ګډې دفاع اصل ته هغه ژمنتیا اړه پوښتنه وشوه، وايي ناټو یوه غړي باندې وسله وال برید ټولو باندې برید ګڼل کیږي، وویل، دا ستاسو تعریف پورې اړه لري پنځمه ماده دا غړو هیوادونو ته پریږدي پریکړه وکړي ناټو هر غړي سره برید کیږي مرستې لپاره څه اقدام وکړيټرمپ اتحاد نورو غړو ته اشارې وویل زه دوی سره ملګرتیا ته ژمن یم,2025-06-26T04:43:23.060652
https://www.pashtovoa.com/a/the-situation-in-afghanistan-and-its-implications-for-international-peace-and-security/8040542.html,VOA Pashto,د افغانستان د وضعیت په اړه د ملګرو ملتونو د عمومي منشي راپور,د ملګرو ملتونو له خوا چمتو شوی راپور وایي چې افغانستان کې د بشري وضعیت د خرابیدو سره اقتصادي ستونزې زیاتې شويملګري ملتونه وايي چې د طالبانو لخوا د ښځو او نجونو پر زده کړو بندیز، د بیان آزادۍ محدودیتونه او له نړیوالې ټولنې سره د تعامل نه شتوالی د افغانستان روان بشري، اقتصادي او امنیتي بحران لا ژور کړی دید افغانستان وضعیت او د نړیوالې سولې او امنیت لپاره یې اغیزې تر نوم لاندي دې تازه درې میاشتني راپور کې چې د ملګرو ملتونو سرمنشي انتونیو ګوتیرش د جون په ۱۱مه د امنیت شورا او عمومي اسامبلې ته وړاندې شوی او د پنجشنبې په ورځ د جون ۱۹ د جوزا ۲۹ د یوناما په ویب پاڼې کې خپور شوی، ویل شوي چې افغانستان کې خلک د بېساري بېوزلۍ، لوږې، بیکارۍ او طبیعي آفتونو سره مخامخ ديپه ۱۴ پاڼو کې لیکل شوي دې راپور کې ویل شوي، چې په حکومتي ادارو کې د بودیجې نه شتوالی، د کارکوونکو شمېره کې کمښت او د معاشونو ځنډ هم د داخلي فشارونو نښې ديراپور وایي چې د طالبانو وسلهوالو مخالفو ډلو لکه د ملي مقاومت جبهه  او د افغانستان د آزادۍ جبهه  یوشمېر حملې کړي، خو د طالبانو واک ته یې کوم ګواښ نه دی پېښ کړیپه دې راپور کې د اقتصادي وضعیت او بې وزلۍ په اړه ویل شوي د نړېوالو بانکونو د معلوماتو له مخې، د افغانستان اقتصادي وده لږه وه خو د ټولنیزو شرایطو د ښه والي لپاره کافي نه وه د راپور په اساس د صادراتو کچه ۲۱ سلنه کمه شوې، په ځانګړي ډول د سکرو او نساجي موادو کچهخو د خوراکي توکو صادرات څلور سلنه زیات شوي راپور کې راغلي چې واردات ۳۷ سلنه زیات شوي او تجارتي کسر ۴۸ سلنه لوړ شوی د خلکو د ژوند اسانتیاوې لکه کور، روغتیا، او خواړه کم شوي او ۷۵ سلنه وګړي د ژوندي پاتې کېدو له ستونزو سره مخ ديد ملګرو ملتونو عمومي منشي په خپل راپور کې لیکلي د امربالمعروف او نهی عن المنکر قانون د افغانانو پر شخصي، ټولنیز او اقتصادي ژوند منفي اغېز کړی، په ځانګړي ډول د ښځو او نجونو ژوند یې اغېزمن کړی دی هغه ټینګار کړی چې د افغانستان خلک نه شي کولای دغه ستونزې یوازې حل کړي، او نړیواله ټولنه باید له افغانانو سره مرسته وکړيراپور زیاتوي چې شاوخوا ۲۳۷ میلیونه افغانان بشري مرستو ته اړتیا لري د ۲۰۲۴ کال د بشري مرستو پلان له درې میلیارده ډالرو یوازې ۳۷ سلنه تمویل شوی، او دا د مرستندویه ادارو پر فعالیتونو منفي اغېز کړی دیتر دې راپور مخکې د چهارشنبې په ورځ د جون ۱۸د جوزا ۲۸ په ژینو کې د ملګرو ملتونو د بشري حقونو په شورا کې د افغانستان دایمي استازي نصیر احمد اندیشه وویل چې طالبان د خپلو ادعاو خلاف د افغانانو اساسي حقونه محدود کړي دياندیشه زیاته کړه طالبانو له یوې خوا امنیت د ټینګولو ادعاوې کوي، خو له بلې خوا د ښځو، نجونو او مدني ټولنې د غږونو د خاموشه کولو هڅې کوي دا نه د مشروعیت لاره ده، نه د سولېد ښځو د حقونو فعاله سحر صافۍ، چې د بشري حقونو شورا ته یې په مجازي توګه وینا کوله وویل چې د طالبانو لخوا په ښځو بندیزونه یوازې فردي نه، بلکې ملي فاجعه دهصافۍ زیاته کړه نجونې له زدهکړو او ښځې له کار او روغتیايي خدماتو محرومې دي دا یوه انساني ناورین دی، او نړیواله ټولنه باید چوپه پاتې نهشي,افغانستان وضعیت اړه ملګرو ملتونو عمومي منشي راپور,ملګرو ملتونو خوا چمتو شوی راپور وایي افغانستان کې بشري وضعیت خرابیدو سره اقتصادي ستونزې زیاتې شويملګري ملتونه وايي طالبانو لخوا ښځو نجونو پر زده کړو بندیز، بیان آزادۍ محدودیتونه نړیوالې ټولنې سره تعامل شتوالی افغانستان روان بشري، اقتصادي امنیتي بحران لا ژور کړی دید افغانستان وضعیت نړیوالې سولې امنیت لپاره یې اغیزې تر نوم لاندي دې تازه درې میاشتني راپور کې ملګرو ملتونو سرمنشي انتونیو ګوتیرش جون ۱۱مه امنیت شورا عمومي اسامبلې ته وړاندې شوی پنجشنبې ورځ جون ۱۹ جوزا ۲۹ یوناما ویب پاڼې کې خپور شوی، ویل شوي افغانستان کې خلک بېساري بېوزلۍ، لوږې، بیکارۍ طبیعي آفتونو سره مخامخ ديپه ۱۴ پاڼو کې لیکل شوي دې راپور کې ویل شوي، حکومتي ادارو کې بودیجې شتوالی، کارکوونکو شمېره کې کمښت معاشونو ځنډ هم داخلي فشارونو نښې ديراپور وایي طالبانو وسلهوالو مخالفو ډلو لکه ملي مقاومت جبهه افغانستان آزادۍ جبهه یوشمېر حملې کړي، خو طالبانو واک ته یې کوم ګواښ دی پېښ کړیپه دې راپور کې اقتصادي وضعیت بې وزلۍ اړه ویل شوي نړېوالو بانکونو معلوماتو مخې، افغانستان اقتصادي وده لږه وه خو ټولنیزو شرایطو ښه والي لپاره کافي وه راپور اساس صادراتو کچه ۲۱ سلنه کمه شوې، ځانګړي ډول سکرو نساجي موادو کچهخو خوراکي توکو صادرات څلور سلنه زیات شوي راپور کې راغلي واردات ۳۷ سلنه زیات شوي تجارتي کسر ۴۸ سلنه لوړ شوی خلکو ژوند اسانتیاوې لکه کور، روغتیا، خواړه کم شوي ۷۵ سلنه وګړي ژوندي پاتې کېدو ستونزو سره مخ ديد ملګرو ملتونو عمومي منشي خپل راپور کې لیکلي امربالمعروف نهی عن المنکر قانون افغانانو پر شخصي، ټولنیز اقتصادي ژوند منفي اغېز کړی، ځانګړي ډول ښځو نجونو ژوند یې اغېزمن کړی دی هغه ټینګار کړی افغانستان خلک شي کولای دغه ستونزې یوازې حل کړي، نړیواله ټولنه باید افغانانو سره مرسته وکړيراپور زیاتوي شاوخوا ۲۳۷ میلیونه افغانان بشري مرستو ته اړتیا لري ۲۰۲۴ کال بشري مرستو پلان درې میلیارده ډالرو یوازې ۳۷ سلنه تمویل شوی، دا مرستندویه ادارو پر فعالیتونو منفي اغېز کړی دیتر دې راپور مخکې چهارشنبې ورځ جون ۱۸د جوزا ۲۸ ژینو کې ملګرو ملتونو بشري حقونو شورا کې افغانستان دایمي استازي نصیر احمد اندیشه وویل طالبان خپلو ادعاو خلاف افغانانو اساسي حقونه محدود کړي دياندیشه زیاته کړه طالبانو یوې خوا امنیت ټینګولو ادعاوې کوي، خو بلې خوا ښځو، نجونو مدني ټولنې غږونو خاموشه کولو هڅې کوي دا مشروعیت لاره ده، سولېد ښځو حقونو فعاله سحر صافۍ، بشري حقونو شورا ته یې مجازي توګه وینا کوله وویل طالبانو لخوا ښځو بندیزونه یوازې فردي نه، بلکې ملي فاجعه دهصافۍ زیاته کړه نجونې زدهکړو ښځې کار روغتیايي خدماتو محرومې دي دا یوه انساني ناورین دی، نړیواله ټولنه باید چوپه پاتې نهشي,2025-06-26T04:43:24.251846
https://www.pashtovoa.com/a/8041967.html,VOA Pashto,ټرمپ که تهران د اټومي پروګرام د بیارغولو هڅه وکړي، بیا به برید وکړو,د امریکا ولسمشر ډونالډ ټرمپ وايي، د ایران پر اټومي پروګرام به بیا برید وکړي، که چیرې ایران د خپل د اټومي پروګرام د بیا رغولو هڅه وکړي ولسمشر ټرمپ دا څرګندونې وروسته له هغه وکړې چې امریکا د شنبې په شپه د ایران پر دریو تاسیساتو هوايي بریدونه وکړل او متحده ایالتونه شک درلود چې دا ځایونه د اټومي وسلو د جوړولو لپاره کارول کېږيکله چې له ټرمپ نه په هالنډ کې د ناټو د سرمشریزې په څنډه کې یو خبریال پوښتنه وکړه چې ایا متحده ایالات به بیا پر ایران برید وکړي که چیرې هغوي د خپلو اټومي وسلو د جوړولو ځایونه بیا رغوي، هغه په ځواب کې وویل یقناًټرمپ زیاته کړه زه د دې په اړه اندیښنه نلرم د ایران اټومي پروګرام د کلونو لپاره له منځه تللی د دې بیا رغول ډیر ګران دي، ځکه چې دا ټول له منځه تللي ديټرمپ، چې وروسته یې د هالنډ په هاګ کې د خپلو دفاع او بهرنیو چارو وزیرانو سره په ګډه خبرې کولې، د امریکا د استخباراتو هغه راپور یې کم ارزښته وباله چې امریکايي رسنیو ته افشا شوی و او ادعا یې کوله چې د ایران پر اټومي تاسیساتو د امریکا هوايي بریدونو ممکن د ایران د اټومي وسلو پروګرام یوازې څو میاشتې شاته کړی وي، نه کلونهټرمپ د امریکايي خبري رسنیو ته په اشارې وویل دوی هڅه کوي چې دا نه هېرېدونکې بریا په یو کم ارزښته شی بدل کړي د ایران په اټومي پروګرام په بې رحمۍ برید شوی او د امریکا برید هغه ویجاړ کړی دا له منځه وړل و د امریکا د بهرنیو چارو وزیر مارکو روبیو وویل چې د امریکا برید د ایران د اټومي بدلولو تاسیسات له منځه یوړل هغه وویل موږ حتی موندلی نشو چې اوس دا چیرته دي، څنګه چې پخوا په نقشه کې و تاسو حتی نشئ موندلی چې دا چیرته و، ځکه چې هرڅه تور شوي دي له منځه تللي ديد دفاع وزیر پیټ هیګسټ وویل چې د امریکایي رسنیو ته افشا شوي استخباراتي راپور ابتدایي وه او د متحدو ایالاتو د هوایي بریدونو له امله د اوښتو زیانونو د ارزونې په اړه یې لږ باور وړاندې کړ هغه وویل چې د فدرالي تحقیقاتو ادارې اف بي ای د راپور د افشا کیدو په اړه جرمي تحقیقات پیل کوي، چې ویل کیږي ډیر محرم راپور دید امریکا متحد اسرائیل، د اسرائیل او ایران ترمنځ د ۱۲ ورځنۍ جګړې په ترڅ کې چې د سې شنبې په ورځ د اوربند سره پای ته ورسېده، هم د ایران اټومي تاسیسات په نښه کړي ود اسرائیل د پوځ لوی درستیز ایال زمیر وویل چې د ایران اټومي پروګرام د د کلونو لپاره شاته پاتې شوی دی زمیر دا څرګندونې د سې شنبې په ورځ د اوربند له پیل وروسته د وضعیت د ارزونې په ترڅ کې وکړې,ټرمپ که تهران اټومي پروګرام بیارغولو هڅه وکړي، بیا به برید وکړو,امریکا ولسمشر ډونالډ ټرمپ وايي، ایران پر اټومي پروګرام به بیا برید وکړي، که چیرې ایران خپل اټومي پروګرام بیا رغولو هڅه وکړي ولسمشر ټرمپ دا څرګندونې وروسته هغه وکړې امریکا شنبې شپه ایران پر دریو تاسیساتو هوايي بریدونه وکړل متحده ایالتونه شک درلود دا ځایونه اټومي وسلو جوړولو لپاره کارول کېږيکله ټرمپ هالنډ کې ناټو سرمشریزې څنډه کې یو خبریال پوښتنه وکړه ایا متحده ایالات به بیا پر ایران برید وکړي که چیرې هغوي خپلو اټومي وسلو جوړولو ځایونه بیا رغوي، هغه ځواب کې وویل یقناًټرمپ زیاته کړه زه دې اړه اندیښنه نلرم ایران اټومي پروګرام کلونو لپاره منځه تللی دې بیا رغول ډیر ګران دي، ځکه دا ټول منځه تللي ديټرمپ، وروسته یې هالنډ هاګ کې خپلو دفاع بهرنیو چارو وزیرانو سره ګډه خبرې کولې، امریکا استخباراتو هغه راپور یې کم ارزښته وباله امریکايي رسنیو ته افشا شوی و ادعا یې کوله ایران پر اټومي تاسیساتو امریکا هوايي بریدونو ممکن ایران اټومي وسلو پروګرام یوازې څو میاشتې شاته کړی وي، کلونهټرمپ امریکايي خبري رسنیو ته اشارې وویل دوی هڅه کوي دا هېرېدونکې بریا یو کم ارزښته شی بدل کړي ایران اټومي پروګرام بې رحمۍ برید شوی امریکا برید هغه ویجاړ کړی دا منځه وړل و امریکا بهرنیو چارو وزیر مارکو روبیو وویل امریکا برید ایران اټومي بدلولو تاسیسات منځه یوړل هغه وویل موږ حتی موندلی نشو اوس دا چیرته دي، څنګه پخوا نقشه کې و تاسو حتی نشئ موندلی دا چیرته و، ځکه هرڅه تور شوي دي منځه تللي ديد دفاع وزیر پیټ هیګسټ وویل امریکایي رسنیو ته افشا شوي استخباراتي راپور ابتدایي وه متحدو ایالاتو هوایي بریدونو امله اوښتو زیانونو ارزونې اړه یې لږ باور وړاندې کړ هغه وویل فدرالي تحقیقاتو ادارې اف بي ای راپور افشا کیدو اړه جرمي تحقیقات پیل کوي، ویل کیږي ډیر محرم راپور دید امریکا متحد اسرائیل، اسرائیل ایران ترمنځ ۱۲ ورځنۍ جګړې ترڅ کې سې شنبې ورځ اوربند سره پای ته ورسېده، هم ایران اټومي تاسیسات نښه کړي ود اسرائیل پوځ لوی درستیز ایال زمیر وویل ایران اټومي پروګرام کلونو لپاره شاته پاتې شوی دی زمیر دا څرګندونې سې شنبې ورځ اوربند پیل وروسته وضعیت ارزونې ترڅ کې وکړې,2025-06-26T04:43:24.737055
https://www.pashtovoa.com/a/the-situation-in-afghanistan-and-its-implications-for-international-peace-and-security/8040542.html,VOA Pashto,د افغانستان د وضعیت په اړه د ملګرو ملتونو د عمومي منشي راپور,د ملګرو ملتونو له خوا چمتو شوی راپور وایي چې افغانستان کې د بشري وضعیت د خرابیدو سره اقتصادي ستونزې زیاتې شويملګري ملتونه وايي چې د طالبانو لخوا د ښځو او نجونو پر زده کړو بندیز، د بیان آزادۍ محدودیتونه او له نړیوالې ټولنې سره د تعامل نه شتوالی د افغانستان روان بشري، اقتصادي او امنیتي بحران لا ژور کړی دید افغانستان وضعیت او د نړیوالې سولې او امنیت لپاره یې اغیزې تر نوم لاندي دې تازه درې میاشتني راپور کې چې د ملګرو ملتونو سرمنشي انتونیو ګوتیرش د جون په ۱۱مه د امنیت شورا او عمومي اسامبلې ته وړاندې شوی او د پنجشنبې په ورځ د جون ۱۹ د جوزا ۲۹ د یوناما په ویب پاڼې کې خپور شوی، ویل شوي چې افغانستان کې خلک د بېساري بېوزلۍ، لوږې، بیکارۍ او طبیعي آفتونو سره مخامخ ديپه ۱۴ پاڼو کې لیکل شوي دې راپور کې ویل شوي، چې په حکومتي ادارو کې د بودیجې نه شتوالی، د کارکوونکو شمېره کې کمښت او د معاشونو ځنډ هم د داخلي فشارونو نښې ديراپور وایي چې د طالبانو وسلهوالو مخالفو ډلو لکه د ملي مقاومت جبهه  او د افغانستان د آزادۍ جبهه  یوشمېر حملې کړي، خو د طالبانو واک ته یې کوم ګواښ نه دی پېښ کړیپه دې راپور کې د اقتصادي وضعیت او بې وزلۍ په اړه ویل شوي د نړېوالو بانکونو د معلوماتو له مخې، د افغانستان اقتصادي وده لږه وه خو د ټولنیزو شرایطو د ښه والي لپاره کافي نه وه د راپور په اساس د صادراتو کچه ۲۱ سلنه کمه شوې، په ځانګړي ډول د سکرو او نساجي موادو کچهخو د خوراکي توکو صادرات څلور سلنه زیات شوي راپور کې راغلي چې واردات ۳۷ سلنه زیات شوي او تجارتي کسر ۴۸ سلنه لوړ شوی د خلکو د ژوند اسانتیاوې لکه کور، روغتیا، او خواړه کم شوي او ۷۵ سلنه وګړي د ژوندي پاتې کېدو له ستونزو سره مخ ديد ملګرو ملتونو عمومي منشي په خپل راپور کې لیکلي د امربالمعروف او نهی عن المنکر قانون د افغانانو پر شخصي، ټولنیز او اقتصادي ژوند منفي اغېز کړی، په ځانګړي ډول د ښځو او نجونو ژوند یې اغېزمن کړی دی هغه ټینګار کړی چې د افغانستان خلک نه شي کولای دغه ستونزې یوازې حل کړي، او نړیواله ټولنه باید له افغانانو سره مرسته وکړيراپور زیاتوي چې شاوخوا ۲۳۷ میلیونه افغانان بشري مرستو ته اړتیا لري د ۲۰۲۴ کال د بشري مرستو پلان له درې میلیارده ډالرو یوازې ۳۷ سلنه تمویل شوی، او دا د مرستندویه ادارو پر فعالیتونو منفي اغېز کړی دیتر دې راپور مخکې د چهارشنبې په ورځ د جون ۱۸د جوزا ۲۸ په ژینو کې د ملګرو ملتونو د بشري حقونو په شورا کې د افغانستان دایمي استازي نصیر احمد اندیشه وویل چې طالبان د خپلو ادعاو خلاف د افغانانو اساسي حقونه محدود کړي دياندیشه زیاته کړه طالبانو له یوې خوا امنیت د ټینګولو ادعاوې کوي، خو له بلې خوا د ښځو، نجونو او مدني ټولنې د غږونو د خاموشه کولو هڅې کوي دا نه د مشروعیت لاره ده، نه د سولېد ښځو د حقونو فعاله سحر صافۍ، چې د بشري حقونو شورا ته یې په مجازي توګه وینا کوله وویل چې د طالبانو لخوا په ښځو بندیزونه یوازې فردي نه، بلکې ملي فاجعه دهصافۍ زیاته کړه نجونې له زدهکړو او ښځې له کار او روغتیايي خدماتو محرومې دي دا یوه انساني ناورین دی، او نړیواله ټولنه باید چوپه پاتې نهشي,افغانستان وضعیت اړه ملګرو ملتونو عمومي منشي راپور,ملګرو ملتونو خوا چمتو شوی راپور وایي افغانستان کې بشري وضعیت خرابیدو سره اقتصادي ستونزې زیاتې شويملګري ملتونه وايي طالبانو لخوا ښځو نجونو پر زده کړو بندیز، بیان آزادۍ محدودیتونه نړیوالې ټولنې سره تعامل شتوالی افغانستان روان بشري، اقتصادي امنیتي بحران لا ژور کړی دید افغانستان وضعیت نړیوالې سولې امنیت لپاره یې اغیزې تر نوم لاندي دې تازه درې میاشتني راپور کې ملګرو ملتونو سرمنشي انتونیو ګوتیرش جون ۱۱مه امنیت شورا عمومي اسامبلې ته وړاندې شوی پنجشنبې ورځ جون ۱۹ جوزا ۲۹ یوناما ویب پاڼې کې خپور شوی، ویل شوي افغانستان کې خلک بېساري بېوزلۍ، لوږې، بیکارۍ طبیعي آفتونو سره مخامخ ديپه ۱۴ پاڼو کې لیکل شوي دې راپور کې ویل شوي، حکومتي ادارو کې بودیجې شتوالی، کارکوونکو شمېره کې کمښت معاشونو ځنډ هم داخلي فشارونو نښې ديراپور وایي طالبانو وسلهوالو مخالفو ډلو لکه ملي مقاومت جبهه افغانستان آزادۍ جبهه یوشمېر حملې کړي، خو طالبانو واک ته یې کوم ګواښ دی پېښ کړیپه دې راپور کې اقتصادي وضعیت بې وزلۍ اړه ویل شوي نړېوالو بانکونو معلوماتو مخې، افغانستان اقتصادي وده لږه وه خو ټولنیزو شرایطو ښه والي لپاره کافي وه راپور اساس صادراتو کچه ۲۱ سلنه کمه شوې، ځانګړي ډول سکرو نساجي موادو کچهخو خوراکي توکو صادرات څلور سلنه زیات شوي راپور کې راغلي واردات ۳۷ سلنه زیات شوي تجارتي کسر ۴۸ سلنه لوړ شوی خلکو ژوند اسانتیاوې لکه کور، روغتیا، خواړه کم شوي ۷۵ سلنه وګړي ژوندي پاتې کېدو ستونزو سره مخ ديد ملګرو ملتونو عمومي منشي خپل راپور کې لیکلي امربالمعروف نهی عن المنکر قانون افغانانو پر شخصي، ټولنیز اقتصادي ژوند منفي اغېز کړی، ځانګړي ډول ښځو نجونو ژوند یې اغېزمن کړی دی هغه ټینګار کړی افغانستان خلک شي کولای دغه ستونزې یوازې حل کړي، نړیواله ټولنه باید افغانانو سره مرسته وکړيراپور زیاتوي شاوخوا ۲۳۷ میلیونه افغانان بشري مرستو ته اړتیا لري ۲۰۲۴ کال بشري مرستو پلان درې میلیارده ډالرو یوازې ۳۷ سلنه تمویل شوی، دا مرستندویه ادارو پر فعالیتونو منفي اغېز کړی دیتر دې راپور مخکې چهارشنبې ورځ جون ۱۸د جوزا ۲۸ ژینو کې ملګرو ملتونو بشري حقونو شورا کې افغانستان دایمي استازي نصیر احمد اندیشه وویل طالبان خپلو ادعاو خلاف افغانانو اساسي حقونه محدود کړي دياندیشه زیاته کړه طالبانو یوې خوا امنیت ټینګولو ادعاوې کوي، خو بلې خوا ښځو، نجونو مدني ټولنې غږونو خاموشه کولو هڅې کوي دا مشروعیت لاره ده، سولېد ښځو حقونو فعاله سحر صافۍ، بشري حقونو شورا ته یې مجازي توګه وینا کوله وویل طالبانو لخوا ښځو بندیزونه یوازې فردي نه، بلکې ملي فاجعه دهصافۍ زیاته کړه نجونې زدهکړو ښځې کار روغتیايي خدماتو محرومې دي دا یوه انساني ناورین دی، نړیواله ټولنه باید چوپه پاتې نهشي,2025-06-26T04:43:24.977900
https://www.pashtovoa.com/a/8041967.html,VOA Pashto,ټرمپ که تهران د اټومي پروګرام د بیارغولو هڅه وکړي، بیا به برید وکړو,د امریکا ولسمشر ډونالډ ټرمپ وايي، د ایران پر اټومي پروګرام به بیا برید وکړي، که چیرې ایران د خپل د اټومي پروګرام د بیا رغولو هڅه وکړي ولسمشر ټرمپ دا څرګندونې وروسته له هغه وکړې چې امریکا د شنبې په شپه د ایران پر دریو تاسیساتو هوايي بریدونه وکړل او متحده ایالتونه شک درلود چې دا ځایونه د اټومي وسلو د جوړولو لپاره کارول کېږيکله چې له ټرمپ نه په هالنډ کې د ناټو د سرمشریزې په څنډه کې یو خبریال پوښتنه وکړه چې ایا متحده ایالات به بیا پر ایران برید وکړي که چیرې هغوي د خپلو اټومي وسلو د جوړولو ځایونه بیا رغوي، هغه په ځواب کې وویل یقناًټرمپ زیاته کړه زه د دې په اړه اندیښنه نلرم د ایران اټومي پروګرام د کلونو لپاره له منځه تللی د دې بیا رغول ډیر ګران دي، ځکه چې دا ټول له منځه تللي ديټرمپ، چې وروسته یې د هالنډ په هاګ کې د خپلو دفاع او بهرنیو چارو وزیرانو سره په ګډه خبرې کولې، د امریکا د استخباراتو هغه راپور یې کم ارزښته وباله چې امریکايي رسنیو ته افشا شوی و او ادعا یې کوله چې د ایران پر اټومي تاسیساتو د امریکا هوايي بریدونو ممکن د ایران د اټومي وسلو پروګرام یوازې څو میاشتې شاته کړی وي، نه کلونهټرمپ د امریکايي خبري رسنیو ته په اشارې وویل دوی هڅه کوي چې دا نه هېرېدونکې بریا په یو کم ارزښته شی بدل کړي د ایران په اټومي پروګرام په بې رحمۍ برید شوی او د امریکا برید هغه ویجاړ کړی دا له منځه وړل و د امریکا د بهرنیو چارو وزیر مارکو روبیو وویل چې د امریکا برید د ایران د اټومي بدلولو تاسیسات له منځه یوړل هغه وویل موږ حتی موندلی نشو چې اوس دا چیرته دي، څنګه چې پخوا په نقشه کې و تاسو حتی نشئ موندلی چې دا چیرته و، ځکه چې هرڅه تور شوي دي له منځه تللي ديد دفاع وزیر پیټ هیګسټ وویل چې د امریکایي رسنیو ته افشا شوي استخباراتي راپور ابتدایي وه او د متحدو ایالاتو د هوایي بریدونو له امله د اوښتو زیانونو د ارزونې په اړه یې لږ باور وړاندې کړ هغه وویل چې د فدرالي تحقیقاتو ادارې اف بي ای د راپور د افشا کیدو په اړه جرمي تحقیقات پیل کوي، چې ویل کیږي ډیر محرم راپور دید امریکا متحد اسرائیل، د اسرائیل او ایران ترمنځ د ۱۲ ورځنۍ جګړې په ترڅ کې چې د سې شنبې په ورځ د اوربند سره پای ته ورسېده، هم د ایران اټومي تاسیسات په نښه کړي ود اسرائیل د پوځ لوی درستیز ایال زمیر وویل چې د ایران اټومي پروګرام د د کلونو لپاره شاته پاتې شوی دی زمیر دا څرګندونې د سې شنبې په ورځ د اوربند له پیل وروسته د وضعیت د ارزونې په ترڅ کې وکړې,ټرمپ که تهران اټومي پروګرام بیارغولو هڅه وکړي، بیا به برید وکړو,امریکا ولسمشر ډونالډ ټرمپ وايي، ایران پر اټومي پروګرام به بیا برید وکړي، که چیرې ایران خپل اټومي پروګرام بیا رغولو هڅه وکړي ولسمشر ټرمپ دا څرګندونې وروسته هغه وکړې امریکا شنبې شپه ایران پر دریو تاسیساتو هوايي بریدونه وکړل متحده ایالتونه شک درلود دا ځایونه اټومي وسلو جوړولو لپاره کارول کېږيکله ټرمپ هالنډ کې ناټو سرمشریزې څنډه کې یو خبریال پوښتنه وکړه ایا متحده ایالات به بیا پر ایران برید وکړي که چیرې هغوي خپلو اټومي وسلو جوړولو ځایونه بیا رغوي، هغه ځواب کې وویل یقناًټرمپ زیاته کړه زه دې اړه اندیښنه نلرم ایران اټومي پروګرام کلونو لپاره منځه تللی دې بیا رغول ډیر ګران دي، ځکه دا ټول منځه تللي ديټرمپ، وروسته یې هالنډ هاګ کې خپلو دفاع بهرنیو چارو وزیرانو سره ګډه خبرې کولې، امریکا استخباراتو هغه راپور یې کم ارزښته وباله امریکايي رسنیو ته افشا شوی و ادعا یې کوله ایران پر اټومي تاسیساتو امریکا هوايي بریدونو ممکن ایران اټومي وسلو پروګرام یوازې څو میاشتې شاته کړی وي، کلونهټرمپ امریکايي خبري رسنیو ته اشارې وویل دوی هڅه کوي دا هېرېدونکې بریا یو کم ارزښته شی بدل کړي ایران اټومي پروګرام بې رحمۍ برید شوی امریکا برید هغه ویجاړ کړی دا منځه وړل و امریکا بهرنیو چارو وزیر مارکو روبیو وویل امریکا برید ایران اټومي بدلولو تاسیسات منځه یوړل هغه وویل موږ حتی موندلی نشو اوس دا چیرته دي، څنګه پخوا نقشه کې و تاسو حتی نشئ موندلی دا چیرته و، ځکه هرڅه تور شوي دي منځه تللي ديد دفاع وزیر پیټ هیګسټ وویل امریکایي رسنیو ته افشا شوي استخباراتي راپور ابتدایي وه متحدو ایالاتو هوایي بریدونو امله اوښتو زیانونو ارزونې اړه یې لږ باور وړاندې کړ هغه وویل فدرالي تحقیقاتو ادارې اف بي ای راپور افشا کیدو اړه جرمي تحقیقات پیل کوي، ویل کیږي ډیر محرم راپور دید امریکا متحد اسرائیل، اسرائیل ایران ترمنځ ۱۲ ورځنۍ جګړې ترڅ کې سې شنبې ورځ اوربند سره پای ته ورسېده، هم ایران اټومي تاسیسات نښه کړي ود اسرائیل پوځ لوی درستیز ایال زمیر وویل ایران اټومي پروګرام کلونو لپاره شاته پاتې شوی دی زمیر دا څرګندونې سې شنبې ورځ اوربند پیل وروسته وضعیت ارزونې ترڅ کې وکړې,2025-06-26T04:43:25.171059
https://www.pashtovoa.com/a/over-500-people-died-due-to-measles-ourbreak-in-afghanistan-/8032930.html,VOA Pashto,روغتیا نړیوال سازمان د شرې ناروغۍ تېرو پنځو میاشتو کې په افغانستان کې ۳۵۷ تنه مړه کړي,د روغتیا نړیوال سازمان ډبیلو اچ او وايي چې په افغانستان کې د ۲۰۲۴ کال د ډسمبر د ۲۹ نېټې څخه نیولې د روان کال د مۍ تر ۱۷ نېټې پورې د شرې ناروغۍ له کبله ۳۵۷ کسان مړه شوي ديډبلیو اچ او په دې اړه په خپلتازه راپور کېویلي چې د شرې د مشکوکې ناروغۍ پېښې د تېرو دریو کلونو په پرتله تر ټولو لوړې کچې ته رسېدلې او د روان ۲۰۲۵ کال له پیل راهېسې مخ په زیاتېدو ديتازه ارقام څرګندوي چې دا پېښې د تېرو څو اونیو په پرتله په روانه میاشت کې ۶۲ سلنه زیاتې شوې ديد ډبلیو اچ او په راپور کې راغلي دي چې یوازې د روان کال په شلمې اونۍ کې د دغې مشکوکې ناروغۍ له کبله ۲۱ کسان مړه شوي چې ۱۹ یې تر پنځو کلونو کم عمره ماشومان ديد راپور په اساس، په هلمند کې ۶ تنه، په کابل کې پنځه تنه، په هرات کې څلور تنه، په بدخشان، بادغیس، بغلان، بامیان، جوزجان او سمنګان کې یویو کس مړه شوي ديهمدغه راز په همدې مودې کې د شرې ۴۰۴۳ مشکوکې پېښې هم ثبتې شوې دي، چې پرې اخته اکثریت ماشومان او ښځې ښول کېږيد افغانستان لپاره د روغتیا نړیوال سازمان په خپل ایکس حساب کې د دغې ناروغۍ په اړه د خلکو د پوهولو لپاره ځینې اعلانونه هم خپاره کړي ديپه همدې حال کې راپورونه وايي چې په افغانستان کې پولیو ضد واکسین څلور ورځنی کمپاین پیل شوی چې په کې به تر پنځو کلونو کم عمره شاوخوا ۱۱ میلیون ماشومانو ته واکسین کېږيد راپورونو په اساس، په افغانستان کې تېرکال د پولیو ۲۵ پېښې ثبتې شوې افغانستان او پاکستان دا مهال په نړۍ کې دوه هغه هېوادونه دي چې لا هم په کې د پولیو پېښې شته,روغتیا نړیوال سازمان شرې ناروغۍ تېرو پنځو میاشتو کې افغانستان کې ۳۵۷ تنه مړه کړي,روغتیا نړیوال سازمان ډبیلو اچ وايي افغانستان کې ۲۰۲۴ کال ډسمبر ۲۹ نېټې څخه نیولې روان کال مۍ تر ۱۷ نېټې پورې شرې ناروغۍ کبله ۳۵۷ کسان مړه شوي ديډبلیو اچ دې اړه خپلتازه راپور کېویلي شرې مشکوکې ناروغۍ پېښې تېرو دریو کلونو پرتله تر ټولو لوړې کچې ته رسېدلې روان ۲۰۲۵ کال پیل راهېسې مخ زیاتېدو ديتازه ارقام څرګندوي دا پېښې تېرو څو اونیو پرتله روانه میاشت کې ۶۲ سلنه زیاتې شوې ديد ډبلیو اچ راپور کې راغلي دي یوازې روان کال شلمې اونۍ کې دغې مشکوکې ناروغۍ کبله ۲۱ کسان مړه شوي ۱۹ یې تر پنځو کلونو کم عمره ماشومان ديد راپور اساس، هلمند کې ۶ تنه، کابل کې پنځه تنه، هرات کې څلور تنه، بدخشان، بادغیس، بغلان، بامیان، جوزجان سمنګان کې یویو کس مړه شوي ديهمدغه راز همدې مودې کې شرې ۴۰۴۳ مشکوکې پېښې هم ثبتې شوې دي، پرې اخته اکثریت ماشومان ښځې ښول کېږيد افغانستان لپاره روغتیا نړیوال سازمان خپل ایکس حساب کې دغې ناروغۍ اړه خلکو پوهولو لپاره ځینې اعلانونه هم خپاره کړي ديپه همدې حال کې راپورونه وايي افغانستان کې پولیو ضد واکسین څلور ورځنی کمپاین پیل شوی کې به تر پنځو کلونو کم عمره شاوخوا ۱۱ میلیون ماشومانو ته واکسین کېږيد راپورونو اساس، افغانستان کې تېرکال پولیو ۲۵ پېښې ثبتې شوې افغانستان پاکستان دا مهال نړۍ کې دوه هغه هېوادونه دي لا هم کې پولیو پېښې شته,2025-06-26T04:43:33.960511
https://www.pashtovoa.com/a/over-500-people-died-due-to-measles-ourbreak-in-afghanistan-/8032930.html,VOA Pashto,روغتیا نړیوال سازمان د شرې ناروغۍ تېرو پنځو میاشتو کې په افغانستان کې ۳۵۷ تنه مړه کړي,د روغتیا نړیوال سازمان ډبیلو اچ او وايي چې په افغانستان کې د ۲۰۲۴ کال د ډسمبر د ۲۹ نېټې څخه نیولې د روان کال د مۍ تر ۱۷ نېټې پورې د شرې ناروغۍ له کبله ۳۵۷ کسان مړه شوي ديډبلیو اچ او په دې اړه په خپلتازه راپور کېویلي چې د شرې د مشکوکې ناروغۍ پېښې د تېرو دریو کلونو په پرتله تر ټولو لوړې کچې ته رسېدلې او د روان ۲۰۲۵ کال له پیل راهېسې مخ په زیاتېدو ديتازه ارقام څرګندوي چې دا پېښې د تېرو څو اونیو په پرتله په روانه میاشت کې ۶۲ سلنه زیاتې شوې ديد ډبلیو اچ او په راپور کې راغلي دي چې یوازې د روان کال په شلمې اونۍ کې د دغې مشکوکې ناروغۍ له کبله ۲۱ کسان مړه شوي چې ۱۹ یې تر پنځو کلونو کم عمره ماشومان ديد راپور په اساس، په هلمند کې ۶ تنه، په کابل کې پنځه تنه، په هرات کې څلور تنه، په بدخشان، بادغیس، بغلان، بامیان، جوزجان او سمنګان کې یویو کس مړه شوي ديهمدغه راز په همدې مودې کې د شرې ۴۰۴۳ مشکوکې پېښې هم ثبتې شوې دي، چې پرې اخته اکثریت ماشومان او ښځې ښول کېږيد افغانستان لپاره د روغتیا نړیوال سازمان په خپل ایکس حساب کې د دغې ناروغۍ په اړه د خلکو د پوهولو لپاره ځینې اعلانونه هم خپاره کړي ديپه همدې حال کې راپورونه وايي چې په افغانستان کې پولیو ضد واکسین څلور ورځنی کمپاین پیل شوی چې په کې به تر پنځو کلونو کم عمره شاوخوا ۱۱ میلیون ماشومانو ته واکسین کېږيد راپورونو په اساس، په افغانستان کې تېرکال د پولیو ۲۵ پېښې ثبتې شوې افغانستان او پاکستان دا مهال په نړۍ کې دوه هغه هېوادونه دي چې لا هم په کې د پولیو پېښې شته,روغتیا نړیوال سازمان شرې ناروغۍ تېرو پنځو میاشتو کې افغانستان کې ۳۵۷ تنه مړه کړي,روغتیا نړیوال سازمان ډبیلو اچ وايي افغانستان کې ۲۰۲۴ کال ډسمبر ۲۹ نېټې څخه نیولې روان کال مۍ تر ۱۷ نېټې پورې شرې ناروغۍ کبله ۳۵۷ کسان مړه شوي ديډبلیو اچ دې اړه خپلتازه راپور کېویلي شرې مشکوکې ناروغۍ پېښې تېرو دریو کلونو پرتله تر ټولو لوړې کچې ته رسېدلې روان ۲۰۲۵ کال پیل راهېسې مخ زیاتېدو ديتازه ارقام څرګندوي دا پېښې تېرو څو اونیو پرتله روانه میاشت کې ۶۲ سلنه زیاتې شوې ديد ډبلیو اچ راپور کې راغلي دي یوازې روان کال شلمې اونۍ کې دغې مشکوکې ناروغۍ کبله ۲۱ کسان مړه شوي ۱۹ یې تر پنځو کلونو کم عمره ماشومان ديد راپور اساس، هلمند کې ۶ تنه، کابل کې پنځه تنه، هرات کې څلور تنه، بدخشان، بادغیس، بغلان، بامیان، جوزجان سمنګان کې یویو کس مړه شوي ديهمدغه راز همدې مودې کې شرې ۴۰۴۳ مشکوکې پېښې هم ثبتې شوې دي، پرې اخته اکثریت ماشومان ښځې ښول کېږيد افغانستان لپاره روغتیا نړیوال سازمان خپل ایکس حساب کې دغې ناروغۍ اړه خلکو پوهولو لپاره ځینې اعلانونه هم خپاره کړي ديپه همدې حال کې راپورونه وايي افغانستان کې پولیو ضد واکسین څلور ورځنی کمپاین پیل شوی کې به تر پنځو کلونو کم عمره شاوخوا ۱۱ میلیون ماشومانو ته واکسین کېږيد راپورونو اساس، افغانستان کې تېرکال پولیو ۲۵ پېښې ثبتې شوې افغانستان پاکستان دا مهال نړۍ کې دوه هغه هېوادونه دي لا هم کې پولیو پېښې شته,2025-06-26T04:43:35.190470
https://www.pashtovoa.com/a/trump-says-another-tiktok-deadline-extension-likely-/8039937.html,VOA Pashto,ټرمپ وايي شاید په امریکا کې د ټیک ټاک د نه بندولو پرېکړه وغځوي,د متحدو ایالتونو ولسمشر دونالډ ټرمپ د سه شنبې په ورځ جون ۱۷ جوزا۲۷ وویل چې احتمال لري په متحدو ایالتونو کې ټیک ټاک د اپلیکیشن د نه بندولو پرېکړه وغځويټاکل شوې وه چې دا موده د پنجشنبې په ورځ پای ته ورسېږي، خو ولسمشر ټرمپ د خبریالانو د دې پوښتنې په ځواب کې چې ایا دا موده به وغځوي، وویل هو، شایدهغه وویل ښايي د چین تائید ترلاسه کړو، فکر کوم ترلاسه به یې کړو فکر کوم ولسمشر شي جینپینګ به نهایتآ دا تائید کړيمتحدو ایالتونو د ملي امنیت په اړه د اندېښنو او دا چې په ټيک ټاک کې به د امریکایانو له معلوماتو څخه ناوړه استفاده وشي، د لږ وخت لپاره دغه اپلیکیشن، چې د یوې چینايي کمپنۍ ملکیت دی، بند کړی ود ټیک ټاک ادارې ویلي دي چې د امریکایانو معلومات به د چین له دولت سره نه شریکوي او نه به دا کار وکړي  دغې ادارې ویلي دي د کاروونکو د معلوماتو د خوندیتوب په هڅو کې یې ۱۵ میلیارد ډالر لګولي او په دې اړه د متحدو ایالتونو د حکومت اندېښنه هېڅکله ثابته شوې نه دهد ټیک ټاک د بندولو قانون د ولسمشر ټرمپ د لوړې تر مراسمو یوه ورځ مخکې نافذ شو او ولسمشر له تحلیف وروسته یو اجرايي فرمان صادر کړ او دا پرېکړه یې وځنډولهنوموړي ټیک ټاک ستایلی و چې د ۲۰۲۴ کال په ټاکنو کې له دې لارې ورته ډېر ځوان رایه ورکوونکي جذب شوي ووولسمشر ټرمپ د اپریل په میاشت کې د ټیک ټاک لپاره بله موده وټاکله، هغه وخت هڅه کېده چې ټیک ټاک د امریکا د شتمنۍ برخه په امریکايي پانګوالو وپلورل شي د چین په توکو باندې د ولسمشر ټرمپ له لوري د لوړو تعرفو له لګولو وروسته، بیجینګ څرګنده کړې چې د دغه توافق ننګه نه کوي,ټرمپ وايي شاید امریکا کې ټیک ټاک بندولو پرېکړه وغځوي,متحدو ایالتونو ولسمشر دونالډ ټرمپ سه شنبې ورځ جون ۱۷ جوزا۲۷ وویل احتمال لري متحدو ایالتونو کې ټیک ټاک اپلیکیشن بندولو پرېکړه وغځويټاکل شوې وه دا موده پنجشنبې ورځ پای ته ورسېږي، خو ولسمشر ټرمپ خبریالانو دې پوښتنې ځواب کې ایا دا موده به وغځوي، وویل هو، شایدهغه وویل ښايي چین تائید ترلاسه کړو، فکر کوم ترلاسه به یې کړو فکر کوم ولسمشر شي جینپینګ به نهایتآ دا تائید کړيمتحدو ایالتونو ملي امنیت اړه اندېښنو دا ټيک ټاک کې به امریکایانو معلوماتو څخه ناوړه استفاده وشي، لږ وخت لپاره دغه اپلیکیشن، یوې چینايي کمپنۍ ملکیت دی، بند کړی ود ټیک ټاک ادارې ویلي دي امریکایانو معلومات به چین دولت سره شریکوي به دا کار وکړي دغې ادارې ویلي دي کاروونکو معلوماتو خوندیتوب هڅو کې یې ۱۵ میلیارد ډالر لګولي دې اړه متحدو ایالتونو حکومت اندېښنه هېڅکله ثابته شوې دهد ټیک ټاک بندولو قانون ولسمشر ټرمپ لوړې تر مراسمو یوه ورځ مخکې نافذ شو ولسمشر تحلیف وروسته یو اجرايي فرمان صادر کړ دا پرېکړه یې وځنډولهنوموړي ټیک ټاک ستایلی و ۲۰۲۴ کال ټاکنو کې دې لارې ورته ډېر ځوان رایه ورکوونکي جذب شوي ووولسمشر ټرمپ اپریل میاشت کې ټیک ټاک لپاره بله موده وټاکله، هغه وخت هڅه کېده ټیک ټاک امریکا شتمنۍ برخه امریکايي پانګوالو وپلورل شي چین توکو باندې ولسمشر ټرمپ لوري لوړو تعرفو لګولو وروسته، بیجینګ څرګنده کړې دغه توافق ننګه کوي,2025-06-26T04:43:35.430633
https://www.pashtovoa.com/a/us-travel-ban-afghanistan-major-league-cricket-us/8038308.html,VOA Pashto,میجر لیګ کرکټ سیالۍ؛ ځینې افغان لوبغاړي امریکا ته راغلي,افغان لوبغاړي نور احمد او نوین الحق متحدو ایالتونو ته رسیدلي چې د میجر لیګ کرکټ په سیالیو کې به ولوبیږينور د تکساز سوپر کینګز او نوین د ممبۍ انډینز نیویارک په لوبډلو کې لوبېږيد میجر لیګ لوبې د پنجشنبې په ورځ جون ۱۲ جوزا۲۲ پیلیږي او تمه ده چې یو شمېر افغان لوبغاړي په کې ولوبیږيامریکا غږ ته معلومه شوې ده چې ځینې نور افغان لوبغاړي لا هم خپلو ویزو ته منتظر ديد متحده ایالتونو ولسمشر ډونالډ ټرمپ د یو فرمان په ترڅ کې امریکا ته د افغانستان او ۱۱ نورو هېوادونو د وګړو په راتګ له بندیز خو په لوبغاړي او د ورزش په مسئولین باندې بندیز نه دی لګول شویراشد خان، ګلبدین نایب، فضل حق، عظمت الله او وقار نور هغه افغان لوبغاړي دي، چې د دغه لیګ سیالیو ته اخیستل شوي دي راشد خان په تېرو دوو کالونو کې په دغه لیګ کې ولوبېدهد میجر لیګ کرکټ تجارتي سیالۍ په ۲۰۲۳ کال کې پیل شوې، شپږ لوبډلې او د نړۍ یو شمېر مشهور لوبغاړي په کې لوبېږي او هدف یې په متحدو ایالتونو کې کرکت ته وده ورکول ديد متحدو ایالتونو ولسمشر دونالډ ټرمپ تېره اونۍ یو فرمان لاسلیک کړ، چې په اساس یې د افغانستان، ایران برما، چاد، کانګو، استوايي ګینه، اریتریا، هایتي، لیبیا، سومالیا، سودان او یمن خلک امریکا ته سفر نه شي کولایدا فرمان، چې د دوشنبې په سهار نافذ شو، ځینې خلک یې له بندیز څخه مستثنی ښودل شوي، چې یوه ډله یې هغه لوبغاړي او د ورزش مسئولین دي، چې د نړیوالو سیالیو لپاره متحدو ایالتونو ته راځي,میجر لیګ کرکټ سیالۍ؛ ځینې افغان لوبغاړي امریکا ته راغلي,افغان لوبغاړي نور احمد نوین الحق متحدو ایالتونو ته رسیدلي میجر لیګ کرکټ سیالیو کې به ولوبیږينور تکساز سوپر کینګز نوین ممبۍ انډینز نیویارک لوبډلو کې لوبېږيد میجر لیګ لوبې پنجشنبې ورځ جون ۱۲ جوزا۲۲ پیلیږي تمه ده یو شمېر افغان لوبغاړي کې ولوبیږيامریکا غږ ته معلومه شوې ده ځینې نور افغان لوبغاړي لا هم خپلو ویزو ته منتظر ديد متحده ایالتونو ولسمشر ډونالډ ټرمپ یو فرمان ترڅ کې امریکا ته افغانستان ۱۱ نورو هېوادونو وګړو راتګ بندیز خو لوبغاړي ورزش مسئولین باندې بندیز دی لګول شویراشد خان، ګلبدین نایب، فضل حق، عظمت الله وقار نور هغه افغان لوبغاړي دي، دغه لیګ سیالیو ته اخیستل شوي دي راشد خان تېرو دوو کالونو کې دغه لیګ کې ولوبېدهد میجر لیګ کرکټ تجارتي سیالۍ ۲۰۲۳ کال کې پیل شوې، شپږ لوبډلې نړۍ یو شمېر مشهور لوبغاړي کې لوبېږي هدف یې متحدو ایالتونو کې کرکت ته وده ورکول ديد متحدو ایالتونو ولسمشر دونالډ ټرمپ تېره اونۍ یو فرمان لاسلیک کړ، اساس یې افغانستان، ایران برما، چاد، کانګو، استوايي ګینه، اریتریا، هایتي، لیبیا، سومالیا، سودان یمن خلک امریکا ته سفر شي کولایدا فرمان، دوشنبې سهار نافذ شو، ځینې خلک یې بندیز څخه مستثنی ښودل شوي، یوه ډله یې هغه لوبغاړي ورزش مسئولین دي، نړیوالو سیالیو لپاره متحدو ایالتونو ته راځي,2025-06-26T04:43:35.640314
https://www.pashtovoa.com/a/trump-says-another-tiktok-deadline-extension-likely-/8039937.html,VOA Pashto,ټرمپ وايي شاید په امریکا کې د ټیک ټاک د نه بندولو پرېکړه وغځوي,د متحدو ایالتونو ولسمشر دونالډ ټرمپ د سه شنبې په ورځ جون ۱۷ جوزا۲۷ وویل چې احتمال لري په متحدو ایالتونو کې ټیک ټاک د اپلیکیشن د نه بندولو پرېکړه وغځويټاکل شوې وه چې دا موده د پنجشنبې په ورځ پای ته ورسېږي، خو ولسمشر ټرمپ د خبریالانو د دې پوښتنې په ځواب کې چې ایا دا موده به وغځوي، وویل هو، شایدهغه وویل ښايي د چین تائید ترلاسه کړو، فکر کوم ترلاسه به یې کړو فکر کوم ولسمشر شي جینپینګ به نهایتآ دا تائید کړيمتحدو ایالتونو د ملي امنیت په اړه د اندېښنو او دا چې په ټيک ټاک کې به د امریکایانو له معلوماتو څخه ناوړه استفاده وشي، د لږ وخت لپاره دغه اپلیکیشن، چې د یوې چینايي کمپنۍ ملکیت دی، بند کړی ود ټیک ټاک ادارې ویلي دي چې د امریکایانو معلومات به د چین له دولت سره نه شریکوي او نه به دا کار وکړي  دغې ادارې ویلي دي د کاروونکو د معلوماتو د خوندیتوب په هڅو کې یې ۱۵ میلیارد ډالر لګولي او په دې اړه د متحدو ایالتونو د حکومت اندېښنه هېڅکله ثابته شوې نه دهد ټیک ټاک د بندولو قانون د ولسمشر ټرمپ د لوړې تر مراسمو یوه ورځ مخکې نافذ شو او ولسمشر له تحلیف وروسته یو اجرايي فرمان صادر کړ او دا پرېکړه یې وځنډولهنوموړي ټیک ټاک ستایلی و چې د ۲۰۲۴ کال په ټاکنو کې له دې لارې ورته ډېر ځوان رایه ورکوونکي جذب شوي ووولسمشر ټرمپ د اپریل په میاشت کې د ټیک ټاک لپاره بله موده وټاکله، هغه وخت هڅه کېده چې ټیک ټاک د امریکا د شتمنۍ برخه په امریکايي پانګوالو وپلورل شي د چین په توکو باندې د ولسمشر ټرمپ له لوري د لوړو تعرفو له لګولو وروسته، بیجینګ څرګنده کړې چې د دغه توافق ننګه نه کوي,ټرمپ وايي شاید امریکا کې ټیک ټاک بندولو پرېکړه وغځوي,متحدو ایالتونو ولسمشر دونالډ ټرمپ سه شنبې ورځ جون ۱۷ جوزا۲۷ وویل احتمال لري متحدو ایالتونو کې ټیک ټاک اپلیکیشن بندولو پرېکړه وغځويټاکل شوې وه دا موده پنجشنبې ورځ پای ته ورسېږي، خو ولسمشر ټرمپ خبریالانو دې پوښتنې ځواب کې ایا دا موده به وغځوي، وویل هو، شایدهغه وویل ښايي چین تائید ترلاسه کړو، فکر کوم ترلاسه به یې کړو فکر کوم ولسمشر شي جینپینګ به نهایتآ دا تائید کړيمتحدو ایالتونو ملي امنیت اړه اندېښنو دا ټيک ټاک کې به امریکایانو معلوماتو څخه ناوړه استفاده وشي، لږ وخت لپاره دغه اپلیکیشن، یوې چینايي کمپنۍ ملکیت دی، بند کړی ود ټیک ټاک ادارې ویلي دي امریکایانو معلومات به چین دولت سره شریکوي به دا کار وکړي دغې ادارې ویلي دي کاروونکو معلوماتو خوندیتوب هڅو کې یې ۱۵ میلیارد ډالر لګولي دې اړه متحدو ایالتونو حکومت اندېښنه هېڅکله ثابته شوې دهد ټیک ټاک بندولو قانون ولسمشر ټرمپ لوړې تر مراسمو یوه ورځ مخکې نافذ شو ولسمشر تحلیف وروسته یو اجرايي فرمان صادر کړ دا پرېکړه یې وځنډولهنوموړي ټیک ټاک ستایلی و ۲۰۲۴ کال ټاکنو کې دې لارې ورته ډېر ځوان رایه ورکوونکي جذب شوي ووولسمشر ټرمپ اپریل میاشت کې ټیک ټاک لپاره بله موده وټاکله، هغه وخت هڅه کېده ټیک ټاک امریکا شتمنۍ برخه امریکايي پانګوالو وپلورل شي چین توکو باندې ولسمشر ټرمپ لوري لوړو تعرفو لګولو وروسته، بیجینګ څرګنده کړې دغه توافق ننګه کوي,2025-06-26T04:43:35.660161
https://www.pashtovoa.com/a/us-travel-ban-afghanistan-major-league-cricket-us/8038308.html,VOA Pashto,میجر لیګ کرکټ سیالۍ؛ ځینې افغان لوبغاړي امریکا ته راغلي,افغان لوبغاړي نور احمد او نوین الحق متحدو ایالتونو ته رسیدلي چې د میجر لیګ کرکټ په سیالیو کې به ولوبیږينور د تکساز سوپر کینګز او نوین د ممبۍ انډینز نیویارک په لوبډلو کې لوبېږيد میجر لیګ لوبې د پنجشنبې په ورځ جون ۱۲ جوزا۲۲ پیلیږي او تمه ده چې یو شمېر افغان لوبغاړي په کې ولوبیږيامریکا غږ ته معلومه شوې ده چې ځینې نور افغان لوبغاړي لا هم خپلو ویزو ته منتظر ديد متحده ایالتونو ولسمشر ډونالډ ټرمپ د یو فرمان په ترڅ کې امریکا ته د افغانستان او ۱۱ نورو هېوادونو د وګړو په راتګ له بندیز خو په لوبغاړي او د ورزش په مسئولین باندې بندیز نه دی لګول شویراشد خان، ګلبدین نایب، فضل حق، عظمت الله او وقار نور هغه افغان لوبغاړي دي، چې د دغه لیګ سیالیو ته اخیستل شوي دي راشد خان په تېرو دوو کالونو کې په دغه لیګ کې ولوبېدهد میجر لیګ کرکټ تجارتي سیالۍ په ۲۰۲۳ کال کې پیل شوې، شپږ لوبډلې او د نړۍ یو شمېر مشهور لوبغاړي په کې لوبېږي او هدف یې په متحدو ایالتونو کې کرکت ته وده ورکول ديد متحدو ایالتونو ولسمشر دونالډ ټرمپ تېره اونۍ یو فرمان لاسلیک کړ، چې په اساس یې د افغانستان، ایران برما، چاد، کانګو، استوايي ګینه، اریتریا، هایتي، لیبیا، سومالیا، سودان او یمن خلک امریکا ته سفر نه شي کولایدا فرمان، چې د دوشنبې په سهار نافذ شو، ځینې خلک یې له بندیز څخه مستثنی ښودل شوي، چې یوه ډله یې هغه لوبغاړي او د ورزش مسئولین دي، چې د نړیوالو سیالیو لپاره متحدو ایالتونو ته راځي,میجر لیګ کرکټ سیالۍ؛ ځینې افغان لوبغاړي امریکا ته راغلي,افغان لوبغاړي نور احمد نوین الحق متحدو ایالتونو ته رسیدلي میجر لیګ کرکټ سیالیو کې به ولوبیږينور تکساز سوپر کینګز نوین ممبۍ انډینز نیویارک لوبډلو کې لوبېږيد میجر لیګ لوبې پنجشنبې ورځ جون ۱۲ جوزا۲۲ پیلیږي تمه ده یو شمېر افغان لوبغاړي کې ولوبیږيامریکا غږ ته معلومه شوې ده ځینې نور افغان لوبغاړي لا هم خپلو ویزو ته منتظر ديد متحده ایالتونو ولسمشر ډونالډ ټرمپ یو فرمان ترڅ کې امریکا ته افغانستان ۱۱ نورو هېوادونو وګړو راتګ بندیز خو لوبغاړي ورزش مسئولین باندې بندیز دی لګول شویراشد خان، ګلبدین نایب، فضل حق، عظمت الله وقار نور هغه افغان لوبغاړي دي، دغه لیګ سیالیو ته اخیستل شوي دي راشد خان تېرو دوو کالونو کې دغه لیګ کې ولوبېدهد میجر لیګ کرکټ تجارتي سیالۍ ۲۰۲۳ کال کې پیل شوې، شپږ لوبډلې نړۍ یو شمېر مشهور لوبغاړي کې لوبېږي هدف یې متحدو ایالتونو کې کرکت ته وده ورکول ديد متحدو ایالتونو ولسمشر دونالډ ټرمپ تېره اونۍ یو فرمان لاسلیک کړ، اساس یې افغانستان، ایران برما، چاد، کانګو، استوايي ګینه، اریتریا، هایتي، لیبیا، سومالیا، سودان یمن خلک امریکا ته سفر شي کولایدا فرمان، دوشنبې سهار نافذ شو، ځینې خلک یې بندیز څخه مستثنی ښودل شوي، یوه ډله یې هغه لوبغاړي ورزش مسئولین دي، نړیوالو سیالیو لپاره متحدو ایالتونو ته راځي,2025-06-26T04:43:36.208572
